id,name,sex,phone,address,birthday,date_join,position,email,password
XBzK+gqVaqNDxMtDk0N6ACW/VYw8x8ji,Lm/VBzAszWrCgjo0R8T6JsiiS3ZY4dePp4c=,o7Z/DPg7hKSfFXgoT1uO5gslUw==,0912230352,Ha Giang,1987-04-29,2020-07-07,nhan vien,STFF0001@decaminds.vn,STFF023031896
XBzK+gqVaqAvFmyTXw3ORoYLU/dhzICp,KHKUPWUJyiTrzCuDSHhvcTahX7RluhDkjzmKj6w=,o7Z/DPg7hKSfFXgoT1uO5gslUw==,0912247369,Ba Ria - Vung Tau,1992-08-08,2014-04-04,nhan vien,STFF0002@decaminds.vn,STFF024733824
XBzK+gqVbacZ0FBeJK56L6QBgqYAi4eW,MHWUPSJt9yLqzCKCTpK71CmVAYHZvIy1HR8lN2mI,o6JXYZPgAlBqnGOTu0KzQ61D,0912113235,Vinh Long,1980-12-22,2020-09-11,nhan vien,STFF0075@decaminds.vn,STFF011329577
XBzK+gqVaqb2syMyx5Cmy8FjXwHb2hA/,LHvVHSI42i/tzD6YQZsEZqpvv5GJDcfsGgCuw9Y2235qDw==,o7Z/DPg7hKSfFXgoT1uO5gslUw==,0912115237,Tien Giang,1994-01-31,2013-11-11,nhan vien,STFF0004@decaminds.vn,STFF011534365
XBzK+gqVaqds/UGCg6rK9l/wotcQ3Nf5,NH/VBy0kgx7rmRPNYZtMi325BTHo5Eq5ZxbwlEWlVA==,o6JXYZPgAlBqnGOTu0KzQ61D,0912181303,Thua Thien Hue,1996-09-11,2021-06-10,nhan vien,STFF0005@decaminds.vn,STFF018135319
XBzK+gqVaqQAL+ZST+R+sPxEpKxN15+y,KHKUPmUZyyOjuguDALRKT1++r0SLYWJY6BUYCsS5bKs=,o6JXYZPgAlBqnGOTu0KzQ61D,0912043165,Vinh Long,1980-12-27,2020-04-08,pho phong,STFF0006@decaminds.vn,STFF004329582
XBzK+gqVaqWaYYTiC94SjWLXWXqG0Vh0,NH/VBy0kgwHqgUqsTp1Ov71TwmB4CA1h2n+5vk+w,o6JXYZPgAlBqnGOTu0KzQ61D,0912037159,Long An,1982-02-06,2022-07-09,nhan vien,STFF0007@decaminds.vn,STFF003729988
XBzK+gqVaqqH+bxx9qp30U+zRuyv9zES,NH/VBy0kgx7rmRPNYZtMi325BTHo5Eq5ZxbwlEWlVA==,o6JXYZPgAlBqnGOTu0KzQ61D,0912183305,Dong Nai,1998-08-03,2017-04-19,nhan vien,STFF0008@decaminds.vn,STFF018336010
XBzK+gqVaqsdt97BspAb7NEguzpk8fbU,NH/VBy0kgx7rmRPNYZtMi325BTHo5Eq5ZxbwlEWlVA==,o6JXYZPgAlBqnGOTu0KzQ61D,0912136258,Bac Kan,1985-09-13,2012-12-24,nhan vien,STFF0009@decaminds.vn,STFF013631303
XBzK+gqVbaR1AveO6ODOaQe1hN1dgM/d,NHuYcxElymrOlUqlT5tD1YLEz7KPdqOFPUtbdy7L8Q==,o6JXYZPgAlBqnGOTu0KzQ61D,0912211333,Cao Bang,1985-12-11,2015-03-17,nhan vien,STFF0076@decaminds.vn,STFF021131392
XBzK+gqVa6PTpnsHqS9HnrZCg0c6AA4t,LHKcNjBt9yLqzCGETdVlSawRmccM40FJBgl8qcc55wGp,o6JXYZPgAlBqnGOTu0KzQ61D,0912009131,Ben Tre,1997-07-23,2022-07-09,nhan vien cap cao,STFF0011@decaminds.vn,STFF000935634
XBzK+gqVaKI7T8l7o6FtAJzXBcz6ToK7,LGiUPmUZyyvthEquQZg6WjvLsH1RUTwYLZSUTaIE,o6JXYZPgAlBqnGOTu0KzQ61D,0912219341,Lao Cai,1986-09-23,2017-02-04,nhan vien,STFF0020@decaminds.vn,STFF021931678
XBzK+gqVa6ElOr5nIVuf5YtleOqsDYGg,LGiUPWUZyyvthEqvQZoO4QpkJUWZ8hfMCXl+y/ad,o7Z/DPg7hKSfFXgoT1uO5gslUw==,0912073195,Kien Giang,1984-08-24,2020-08-06,pho phong,STFF0013@decaminds.vn,STFF007330918
XBzK+gqVa6Zm0ZN2/fybVVKeicrdHdbw,KHKUPWUBxmrCggLNYpRLtaRTIwKeMEFjwfJPba32uQ==,o7Z/DPg7hKSfFXgoT1uO5gslUw==,0912072194,Quang Ninh,1994-05-19,2013-11-20,pho phong,STFF0014@decaminds.vn,STFF007234473
XBzK+gqVa6f8n/HGucb3aMwNdBwWGxE2,PHWbNGUbwiSjrguCLDu2uUmsY1AvN3MUTT0Gug==,o7Z/DPg7hKSfFXgoT1uO5gslUw==,0912193315,Bac Ninh,1993-02-23,2021-07-01,pho phong,STFF0015@decaminds.vn,STFF019334023
XBzK+gqVa6SQTVYWdYhDLm+5cmdLEFl9,NH/VBy0swCKjrguCzTD3RsxaHXmdEzlW+A/Uog==,o7Z/DPg7hKSfFXgoT1uO5gslUw==,0912210332,Kon Tum,1989-09-05,2022-01-02,pho phong,STFF0016@decaminds.vn,STFF021032756
XBzK+gqVb6C4/h3HjNEFoloB3hB8FF1Z,Nn2AKiAjgwbmzD6FSdVvTqFyG8jAGTCMyoY18rCPNwLJWMPeMy/GdQ==,o6JXYZPgAlBqnGOTu0KzQ61D,0912065187,Khanh Hoa,1989-11-21,2020-01-31,nhan vien,STFF0052@decaminds.vn,STFF006532833
XBzK+gqVa6oXmww1zMZKT9xOkCepMPfd,NH/VBy042mrBhQSFf9BZ2LoQUPc6OT6iKDG1pQ==,o6JXYZPgAlBqnGOTu0KzQ61D,0912237359,Cao Bang,1981-08-29,2017-07-01,truong phong,STFF0018@decaminds.vn,STFF023729827
XBzK+gqVa6uN1W6FiPwmckLdbfFiNjAb,Nn2AKiAjgxzigkqvSZtMjBvasgoHs5cDw0dmxLdZfQ==,o7Z/DPg7hKSfFXgoT1uO5gslUw==,0912148270,Quang Binh,1988-12-02,2014-12-04,pho phong,STFF0019@decaminds.vn,STFF014832479
XBzK+gqVb6PULLoXQJ+x5Pm12GshHxUS,Om+ccwsq1jPmgkq8VZpHB4ByQkB4QSYdwIe9lM6fjzcTM9o=,o7Z/DPg7hKSfFXgoT1uO5gslUw==,0912040162,Ninh Thuan,1990-09-24,2017-09-30,nhan vien,STFF0051@decaminds.vn,STFF004033140
XBzK+gqVaKOhAavL55sBPQJE+BoxSEV9,LGiUPWUF1j+jrwuDSB4j+m7jrNgrLd8pgfjOc4A=,o7Z/DPg7hKSfFXgoT1uO5gslUw==,0912049171,Phu Tho,1986-10-10,2010-02-05,pho phong,STFF0021@decaminds.vn,STFF004931695
XBzK+gqVaKDN0wwbK9W1e6Hw/mFsQw02,Nn2AKiAjgx7rhUquSJRJLQFMaqYHUQU1sL2LGmwLHQ==,o6JXYZPgAlBqnGOTu0KzQ61D,0912191313,Thanh pho Ho Chi Minh,1991-11-09,2012-04-15,nhan vien,STFF0022@decaminds.vn,STFF019133551
XBzK+gqVaKFXnW6rb+/ZRj9jA7enRcrw,Lm/VHSIiwGrIhQfNY51NrvL8YO9Cn78MhsY8Kj0GTA==,o6JXYZPgAlBqnGOTu0KzQ61D,0912013135,Gia Lai,1997-05-22,2013-07-25,pho phong,STFF0023@decaminds.vn,STFF001335572
XBzK+gqVbqWd60Xy4m7k9y0gAladzkNL,MGPVBy042mrHmQWDR0hHxautajPyNxxw9hL//Y4=,o6JXYZPgAlBqnGOTu0KzQ61D,0912121243,Hau Giang,1993-02-05,2019-02-19,nhan vien,STFF0047@decaminds.vn,STFF012134005
XBzK+gqVaKeOOCEK93Kxy3gLD0EdU1pm,KHKAPSJt8j/sj0quVZpKQJDXlVXwhYKA92czOf9GNZ0=,o7Z/DPg7hKSfFXgoT1uO5gslUw==,0912054176,Soc Trang,1981-09-04,2013-02-07,pho phong,STFF0025@decaminds.vn,STFF005429833
XBzK+gqVaKTi6obaOzwFjdu/CTpAWBIt,LnXVHiQjy2rAmQWDR3dgCUpJL5POtFslqon5qf8=,o7Z/DPg7hKSfFXgoT1uO5gslUw==,0912177299,Ben Tre,1985-03-24,2014-01-23,nhan vien,STFF0026@decaminds.vn,STFF017731130
XBzK+gqVaKV4pORqfwZpsEUs9OyLXtXr,KHKAPSJt8j/sj0quVZpKQJDXlVXwhYKA92czOf9GNZ0=,o7Z/DPg7hKSfFXgoT1uO5gslUw==,0912067189,Vinh Long,1985-01-15,2017-01-17,pho phong,STFF0027@decaminds.vn,STFF006731062
XBzK+gqVaKplPNz5gnIM7GhI63qieLyN,Nn2AKiAjgx7igkquVZpKQFbb1YoUiFKnxthWx9PvIuA=,o7Z/DPg7hKSfFXgoT1uO5gslUw==,0912169291,Thai Nguyen,1980-11-15,2011-05-31,nhan vien,STFF0028@decaminds.vn,STFF016929540
XBzK+gqVaKv/cr5Jxkhg0fbbFqxpfntL,Nn2AKiAjgx7rhUqpQZsEY6VpdQTy+c+quRd9V5taQr2xnw==,o6JXYZPgAlBqnGOTu0KzQ61D,0912195317,Binh Thuan,1996-01-22,2011-02-25,nhan vien,STFF0029@decaminds.vn,STFF019535086
XBzK+gqVaaKrLXk/mc1Qng8q0wf8iUR0,Nn2AKiAjgx7riUqpQZtDLkxejX/u04tjROYtFsTogA==,o7Z/DPg7hKSfFXgoT1uO5gslUw==,0912133255,Thai Binh,1996-05-15,2018-02-23,pho phong,STFF0030@decaminds.vn,STFF013335200
XBzK+gqVaaMxYxuP3fc8o5G5LtE3j4Oy,KW+UMC1t7iPthEqpQZtDysH5+TFcg8E7iHwA6JFV5Q==,o7Z/DPg7hKSfFXgoT1uO5gslUw==,0912110232,Kien Giang,1994-10-11,2021-05-25,giam doc,STFF0031@decaminds.vn,STFF011034618
XBzK+gqVaaBdsbxfEbmI5TINKKpqhMv5,NH/VBzc4zCTkzC6MTp19HsOz235zKpYCmgyqhAlN,o7Z/DPg7hKSfFXgoT1uO5gslUw==,0912090212,Hoa Binh,1997-01-20,2021-12-15,pho phong,STFF0032@decaminds.vn,STFF009035450
XBzK+gqVaaHH/97vVYPk2Kye1Xyhggw/,NH/VECojxGrHjQSFgcCHDHB4S7MAUcA+4RyLmw==,o7Z/DPg7hKSfFXgoT1uO5gslUw==,0912069191,Binh Duong,1994-01-27,2011-05-12,nhan vien,STFF0033@decaminds.vn,STFF006934361
XBzK+gqVaaaEFPP+iSTgaHVlJFzQkltv,NH/VECojxGrXhAuDSNVgRqpvXiMa1OeosyANSydZvTe1sg==,o7Z/DPg7hKSfFXgoT1uO5gslUw==,0912196318,Nghe An,2000-10-09,2016-07-29,nhan vien,STFF0034@decaminds.vn,STFF019636808
XBzK+gqVaaceWpFOzR6MVev22YoblJyp,Nn2acwgszWrHjR7X0J+baQamz4ylK+NxdlJT,o7Z/DPg7hKSfFXgoT1uO5gslUw==,0912246368,Vinh Phuc,1988-01-22,2011-05-19,truong phong,STFF0035@decaminds.vn,STFF024632164
XBzK+gqVaaRyiDaeAVA4E0hC3/FGn9Ti,Nn2AKiAjgx7rhUqmSZBRB4BuXuLC+GqfANPetCz2lo5Jt+u7,o6JXYZPgAlBqnGOTu0KzQ61D,0912050172,Da Nang,1986-02-05,2021-10-10,nhan vien,STFF0036@decaminds.vn,STFF005031448
XBzK+gqVaaXoxlQuRWpULtbRIieNmRMk,LHXVECojxGrHhQSF/Pq6KIXfZBkjMCv9lUfIWg==,o7Z/DPg7hKSfFXgoT1uO5gslUw==,0912203325,Quang Tri,1980-02-19,2014-05-19,pho phong,STFF0037@decaminds.vn,STFF020329270
XBzK+gqVaar1Xmy9uB4xcvu1PbGkv3pC,MHWUPSJt8yL2gwSKALFLSaPS91g/yiPgnG9Cx/A4qX0O,o7Z/DPg7hKSfFXgoT1uO5gslUw==,0912207329,Ha Tinh,2000-07-09,2021-08-18,nhan vien,STFF0038@decaminds.vn,STFF020736716
XBzK+gqVaatvEA4N/CRdT2UmwGdvub2E,Nn2AKiAjgwLsgg3NaJxBSeRDTuxnoLvUE0yERvZGQcoBpgGI,o7Z/DPg7hKSfFXgoT1uO5gslUw==,0912239361,Binh Phuoc,1993-09-22,2022-09-28,nhan vien,STFF0039@decaminds.vn,STFF023934234
XBzK+gqVbqLeAGjjPsngR/Tb83bs3hQb,Nn2AKiAjgwjizC6YQwnWGINQO8IkMpSh5p7Esfs=,o7Z/DPg7hKSfFXgoT1uO5gslUw==,0912031153,Bac Ninh,1981-09-01,2017-08-27,truong phong,STFF0040@decaminds.vn,STFF003129830
XBzK+gqVbqNETgpTevOMempIDqAn2NPd,LGiAPCsqgwfqggLNZIBHT1zO+6EfXAA5/sxbdn8wEQ==,o7Z/DPg7hKSfFXgoT1uO5gslUw==,0912029151,Phu Tho,1983-12-18,2022-07-09,pho phong,STFF0041@decaminds.vn,STFF002930668
XBzK+gqVbqAonK2Dtr04PMn8CNt605uW,Nn2AKiAjgwjizC6YQwnWGINQO8IkMpSh5p7Esfs=,o7Z/DPg7hKSfFXgoT1uO5gslUw==,0912059181,Da Nang,1992-10-24,2017-10-12,nhan vien cap cao,STFF0042@decaminds.vn,STFF005933901
XBzK+gqVbqGy0s8z8odUAVdv9Q2x1VxQ,Nn2acxMkxj6jqB+DR6onnxicbXNvV3FIt5Pjp8Q=,o7Z/DPg7hKSfFXgoT1uO5gslUw==,0912126248,Thanh Hoa,1997-06-27,2023-06-19,nhan vien cap cao,STFF0043@decaminds.vn,STFF012635608
XBzK+gqVbqbxOeIiLiBQsY6UBC3AxQsA,PHXVBSQjgw72gg1dEx2qmRZJvpg73ZanFe0F,o7Z/DPg7hKSfFXgoT1uO5gslUw==,0912171293,Gia Lai,1996-05-22,2017-07-01,pho phong,STFF0044@decaminds.vn,STFF017135207
XBzK+gqVbqdrd4CSaho8jBAH+fsLw8zG,Nn2AKiAjgx7rjQSFALFRSKcFmT1g7TS0x95bZGgONPCD,o7Z/DPg7hKSfFXgoT1uO5gslUw==,0912167289,Son La,1995-02-01,2017-04-19,truong phong,STFF0045@decaminds.vn,STFF016734731
XBzK+gqVbqQHpSdCplSIyrOz/4BWyISN,PHubNGUJ1imjrQSFALFRSKpglFvIWvk4763u9iN4XrX+LQ==,o7Z/DPg7hKSfFXgoT1uO5gslUw==,0912027149,Hoa Binh,1980-10-04,2021-10-08,truong phong,STFF0046@decaminds.vn,STFF002729498
XBzK+gqVa6C/dNzXZWHz2BX2hTxnC0Zm,NGPVBy0kgwTkgwnNYZtMT9N52fARom6ZReQiXjwPmA==,o6JXYZPgAlBqnGOTu0KzQ61D,0912042164,Can Tho,1993-12-12,2010-08-12,nhan vien,STFF0012@decaminds.vn,STFF004234315
XBzK+gqVbqqAc31hHxqBqwBEHcC06Cot,Nn2AKiAjgw7sjQTNYZtMB4ByVOHOBEYhzot3tNgYe/iZSjP4pw==,o6JXYZPgAlBqnGOTu0KzQ61D,0912106228,Ha Tinh,1983-04-02,2020-01-31,nhan vien,STFF0048@decaminds.vn,STFF010630408
XBzK+gqVbqsaPR/RWyDtlp7X4BZ/7u3r,MGPVBy042mrHmQWDR0hHxautajPyNxxw9hL//Y4=,o6JXYZPgAlBqnGOTu0KzQ61D,0912112234,Ha Nam,1997-07-15,2022-10-10,pho phong,STFF0049@decaminds.vn,STFF011235626
XBzK+gqVb6JOYtinBKXd2WcmJb3qGdLU,PHWbNGUZyz/6zC6YT5tDcx0Cxg/Ae/CWN2MGrwblDQ==,o6JXYZPgAlBqnGOTu0KzQ61D,0912209331,Thua Thien Hue,1985-03-02,2014-02-25,nhan vien,STFF0050@decaminds.vn,STFF020931108
XBzK+gqVa6UKAzSmMbIvE/Eqj7GAFp67,PHWbNGUbwiSjrguCLDu2uUmsY1AvN3MUTT0Gug==,o7Z/DPg7hKSfFXgoT1uO5gslUw==,0912225347,Thanh pho Ho Chi Minh,1997-09-30,2015-05-04,nhan vien,STFF0017@decaminds.vn,STFF022535703
XBzK+gqXa6VLY7zS6ckSNAqHGbwPmwE5,LnXVBy0kgx7xmQmVhScFRIfKLPERU+5YzTW8,o6JXYZPgAlBqnGOTu0KzQ61D,0912036158,Yen Bai,1999-05-22,2020-05-18,nhan vien,STFF0217@decaminds.vn,STFF003636302
XBzK+gqVb6EisH93yOtpn8SSI8a3Epqf,NH/VBy0kgwL2gwSKALJNRqpgHO8XDIYy5SU5zupc5JQsqQ==,o6JXYZPgAlBqnGOTu0KzQ61D,0912234356,Quang Ninh,1991-08-05,2017-01-12,nhan vien,STFF0053@decaminds.vn,STFF023433455
XBzK+gqVb6ZhW1JmFExtLx1p0ubGAs3P,PHubNGUJ1imjqwOMTpJRa9b4Zl7w0mI/14rd3lCX,o7Z/DPg7hKSfFXgoT1uO5gslUw==,0912172294,Tuyen Quang,1985-05-13,2017-04-19,nhan vien,STFF0054@decaminds.vn,STFF017231180
XBzK+gqVb6f7FTDWUHYBEoP6LzANBAoJ,Nn2acxQ4zCmjpAuEGw8Zhn39JLvcDBiSK03apA==,o7Z/DPg7hKSfFXgoT1uO5gslUw==,0912088210,Dak Nong,1984-05-14,2018-08-15,pho phong,STFF0055@decaminds.vn,STFF008830816
XBzK+gqVb6SXx5cGnDi1VCBOKUtQD0JC,PHObO2UZ0SvtzD6FQZtMB4xmUsiDUZdx7ejUYbTc4R66sL4=,o6JXYZPgAlBqnGOTu0KzQ61D,0912015137,Gia Lai,1990-06-16,2013-06-15,nhan vien,STFF0056@decaminds.vn,STFF001533040
XBzK+gqVb6UNifW22ALZab7d1J2bCYWE,LGiUPWUZyyOjpAuDncoJKKIK7G0OxV8fhq271A==,o6JXYZPgAlBqnGOTu0KzQ61D,0912086208,Dak Nong,1988-11-27,2021-05-16,pho phong,STFF0057@decaminds.vn,STFF008632474
XBzK+gqVb6oQEc0lJXa8NZO5ywuyL+zi,LGiUPWUZyyOjpAuDncoJKKIK7G0OxV8fhq271A==,o6JXYZPgAlBqnGOTu0KzQ61D,0912108230,Lam Dong,1987-09-11,2018-02-23,pho phong,STFF0058@decaminds.vn,STFF010832031
XBzK+gqVb6uKX6+VYUzQCA0qNt15KSsk,LnXVBy0kgx7rjQSFAL1FSaOwmyKQhuayW6wwMwtJHNXW,o6JXYZPgAlBqnGOTu0KzQ61D,0912188310,Dong Thap,1994-11-08,2017-04-19,pho phong,STFF0059@decaminds.vn,STFF018834646
XBzK+gqVbKI8xQhrShGbetMgXuDhUZmE,KHKUPmUF1jPthEqgWdVsRqpvzHP06eyrXJTPfOzrlw5gIw==,o6JXYZPgAlBqnGOTu0KzQ61D,0912221343,Ha Noi,1997-04-29,2011-04-17,nhan vien,STFF0060@decaminds.vn,STFF022135549
XBzK+gqVbKOmi2rbDiv3R02zozYqV15C,Lm/VBy0kgwLsgg3NaJRKTxVqD/rZmnOTq72jrOS828E=,o6JXYZPgAlBqnGOTu0KzQ61D,0912135257,Tra Vinh,1991-08-02,2021-05-25,nhan vien,STFF0061@decaminds.vn,STFF013533452
XBzK+gqVbKDKWc0LwmVDAe4HpU13XBYJ,PG+aPSJt7iPthEqlSZBKh6eb8eZwetBNKrOjY+k5zg==,o7Z/DPg7hKSfFXgoT1uO5gslUw==,0912166288,Quang Nam,1991-03-01,2016-04-27,truong phong,STFF0062@decaminds.vn,STFF016633298
XBzK+gqVbKFQF6+7hl8vPHCUWJu8WtHP,PG+aPSJt9SvtzCKERZtqgvkx5QfDBdwhQtwKWAqk,o7Z/DPg7hKSfFXgoT1uO5gslUw==,0912099221,Quang Nam,1999-05-18,2010-11-16,nhan vien,STFF0063@decaminds.vn,STFF009936298
XBzK+gqVbKYT/IKqWvgrjKlvqbvNSoaf,PHWUPWUAyiTrzCKERYAizbLJCuqHmlmEbBD/BZ1f,o7Z/DPg7hKSfFXgoT1uO5gslUw==,0912002124,Tuyen Quang,1980-02-15,2011-04-02,nhan vien,STFF0064@decaminds.vn,STFF000229266
XBzK+gqVbKeJsuAaHsJHsTf8VG0GTEFZ,NH/VBy0kgwTkgwnNaJxBUnGsLCYuNUNvofxFhtvF+nQ=,o6JXYZPgAlBqnGOTu0KzQ61D,0912085207,Binh Duong,1995-07-16,2020-04-21,nhan vien,STFF0065@decaminds.vn,STFF008534896
XBzK+gqVbKTlYEfK0ozz95RIUhZbRwkS,Nn2AKiAjgxzigkqlT5Su8KaGoivzhq3qp3all2I6,o7Z/DPg7hKSfFXgoT1uO5gslUw==,0912240362,Ha Noi,2000-06-11,2018-08-26,nhan vien,STFF0066@decaminds.vn,STFF024036688
XBzK+gqVbKV/LiV6lrafygrbr8CQQc7U,Nn2AKiAjgx7rhUqmSZBRB4xoWuzUMxL0EctyocdBHKAtSkk=,o6JXYZPgAlBqnGOTu0KzQ61D,0912045167,Ninh Binh,1990-05-15,2016-10-11,nhan vien,STFF0067@decaminds.vn,STFF004533008
XBzK+gqVbKpith3pa8L6lie/sFa5Z6ey,Nn2AKiAjgx7rmRPNbYwEb6tmwnj2uxAPYO6Erv1sv7ezhQ==,o6JXYZPgAlBqnGOTu0KzQ61D,0912109231,Quang Tri,1983-04-22,2012-10-13,nhan vien,STFF0068@decaminds.vn,STFF010930428
XBzK+gqVbKv4+H9ZL/iWq7ksTYByYWB0,Nn2AKiAjgxzigkqlT5Su8KaGoivzhq3qp3all2I6,o7Z/DPg7hKSfFXgoT1uO5gslUw==,0912134256,Tuyen Quang,1987-04-18,2012-10-13,pho giam doc,STFF0069@decaminds.vn,STFF013431885
XBzK+gqVa6JJ6Bm37RUroyjRfpHxBsnr,PHubNGUZyyOjvAKYT5tDB4VpU6d7VBTJkFu/eVz2QRk7J/c=,o6JXYZPgAlBqnGOTu0KzQ61D,0912160282,Ba Ria - Vung Tau,2000-02-10,2023-12-25,thuc tap,STFF0010@decaminds.vn,STFF016036566
XBzK+gqVbaM26dqfNEfK2d5Odf0skJiN,Lm/VBy0kgwLsjQNUfzb5xUhvZ2XnAvrIbYo4,o6JXYZPgAlBqnGOTu0KzQ61D,0912227349,Binh Phuoc,2000-08-22,2017-04-08,pho giam doc,STFF0071@decaminds.vn,STFF022736760
XBzK+gqVbaBaO31P+Al+n336c4Zxm9DG,MG+MPS1t6z/2zCKCQZtDzEr5dLrKGRAVGwGM/PEP8g==,o7Z/DPg7hKSfFXgoT1uO5gslUw==,0912001123,Kien Giang,1980-09-22,2012-03-15,nhan vien,STFF0072@decaminds.vn,STFF000129486
XBzK+gqVbaHAdR//vDMSouNpjlC6nRcA,MG+MPS1t6z/6zCKCQZtDjK7LqLz3xmbFv8eiUSLuZQ==,o7Z/DPg7hKSfFXgoT1uO5gslUw==,0912019141,Ha Nam,1996-12-19,2019-08-28,nhan vien,STFF0073@decaminds.vn,STFF001935418
XBzK+gqVbaaDnjLuYJQWEjqSf3DLjUBQ,NHuYcxElymrOlUqlT5tD1YLEz7KPdqOFPUtbdy7L8Q==,o6JXYZPgAlBqnGOTu0KzQ61D,0912140262,Ha Giang,1985-05-06,2013-11-11,pho phong,STFF0074@decaminds.vn,STFF014031173
XBzK+gqVaKYUdkO6s0jd9uaY8pfWVZ2g,MHWUPSJt9zjigkq8VYxKT+REU+bBpFZ34ajfc8sSg4Ll3bxu,o6JXYZPgAlBqnGOTu0KzQ61D,0912143265,Lam Dong,2000-07-04,2023-12-25,thuc tap,STFF0024@decaminds.vn,STFF014336711
XBzK+gqXa6TRLd5irfN+CZQU5GrEncb/,PHXVESQigx7xgwSK1AREVqOWV3XB/mVuWj+eXA==,o7Z/DPg7hKSfFXgoT1uO5gslUw==,0912184306,Bac Giang,2000-07-25,2023-12-25,thuc tap,STFF0216@decaminds.vn,STFF018436732
XBzK+gqVbaXvTJU+rNqiVJkmeQuWhggb,LnXVBy0kgwf6zCKYRZRtCXIyBVXpruTFp3UzdzA=,o6JXYZPgAlBqnGOTu0KzQ61D,0912232354,Dak Nong,1986-01-26,2018-09-16,nhan vien,STFF0077@decaminds.vn,STFF023231438
XBzK+gqVbary1K2tUa7HCLRCZp2/oGF9,NHuYcwEkzSKjpB+IVQ84f5wa4x2gqyDV/6+VHQ==,o6JXYZPgAlBqnGOTu0KzQ61D,0912208330,Tay Ninh,1995-07-22,2016-02-04,nhan vien,STFF0078@decaminds.vn,STFF020834902
XBzK+gqVbatoms8dFZSrNSrRm0t0pqa7,PHXVBy0szSKjpwOAAL1RQgDa8Lf6bwFxuWrwyX69n6A=,o6JXYZPgAlBqnGOTu0KzQ61D,0912243365,Bac Kan,1989-11-22,2012-02-18,nhan vien,STFF0079@decaminds.vn,STFF024332834
XBzK+gqVYqLWnyvSBBj6ySTCHgLB/zla,LGiUPWUGyiejpB+DR8iqrD1jWp+hPr33xzcWLik=,o7Z/DPg7hKSfFXgoT1uO5gslUw==,0912004126,Ha Nam,1994-03-15,2014-11-14,truong phong,STFF0080@decaminds.vn,STFF000434408
XBzK+gqVYqNM0UliQCKW9LpR49QK+f6c,Om+ccwkogwL2gg2iGZZsVI339h4AW10Mm8we,o7Z/DPg7hKSfFXgoT1uO5gslUw==,0912235357,Soc Trang,1995-03-16,2014-10-05,truong phong,STFF0081@decaminds.vn,STFF023534774
XBzK+gqVYqAgA+6yjGwishnl5a9X8rbX,PHObO2UGyi/2zC6ERZgEb7FoVehdKnB5QSK6oJtHRaUXTbdb,o6JXYZPgAlBqnGOTu0KzQ61D,0912093215,Thai Nguyen,1994-06-17,2020-08-31,pho phong,STFF0082@decaminds.vn,STFF009334502
XBzK+gqUbqqgwzlbcycfOP2S1sZzLuXs,LGicNjBt9yLqzCSFVZtDNhkr7u/UipxcdDChuxZ+hQ==,o6JXYZPgAlBqnGOTu0KzQ61D,0912131253,Thanh pho Ho Chi Minh,2000-08-09,2023-12-25,thuc tap,STFF0148@decaminds.vn,STFF013136747
XBzK+gqVYqb5pqETFPFKP16N6Vnt5CZB,NXuccxQ4zCmjpB+U7+3GhnoVRnbwpe72a0aRng==,o7Z/DPg7hKSfFXgoT1uO5gslUw==,0912206328,Ben Tre,1981-01-19,2022-01-04,nhan vien,STFF0084@decaminds.vn,STFF020629605
XBzK+gqVYqG6TYwCyFZOj4d2GHmc9HER,O3KUJmUbwiSjpB+UJ9YLSUfrC2Wj5drCh9LSqw==,o7Z/DPg7hKSfFXgoT1uO5gslUw==,0912141263,Binh Dinh,2000-08-14,2023-12-25,thuc tap,STFF0083@decaminds.vn,STFF014136752
XBzK+gqVYqQPOmRznIWSRGOqEvR76anM,PHWUPWUc1ivti0qlVYwUFx8ZYvBy+3tm2L4BzUX8,o7Z/DPg7hKSfFXgoT1uO5gslUw==,0912070192,Hai Phong,1982-07-17,2023-09-26,pho phong,STFF0086@decaminds.vn,STFF007030149
XBzK+gqVYqWVdAbD2L/+ef057yKw724K,Nn2AKiAjgx7rhUq5SIAEb7F+XuEr4MFTw1frag3KE4hmDpHe,o6JXYZPgAlBqnGOTu0KzQ61D,0912006128,Thua Thien Hue,1984-08-24,2017-09-24,nhan vien,STFF0087@decaminds.vn,STFF000630918
XBzK+gqVYqqI7D5QJcubJdBd8LSZyQds,PHXVBy0kgwHrjQSFAL1RXqFpN5tg7crZnXqXKgqW3dE/Uw==,o6JXYZPgAlBqnGOTu0KzQ61D,0912222344,Quang Tri,1998-02-08,2020-07-29,nhan vien,STFF0088@decaminds.vn,STFF022235834
XBzK+gqVYqsSolzgYfH3GE7ODWJSz8Cq,Lm/VBzckzSKjpwKMTpIC9ZSFzpu06sEU6bEMRXgl,o7Z/DPg7hKSfFXgoT1uO5gslUw==,0912155277,Dong Nai,1995-07-03,2017-01-30,nhan vien,STFF0089@decaminds.vn,STFF015534883
XBzK+gqVY6JG/ZuWPnTHV7c/yMnHOP+V,PHubNGUB1j+jpwKMTp1z+ozeEjSlm7r+TnmBqnQO,o7Z/DPg7hKSfFXgoT1uO5gslUw==,0912187309,Soc Trang,1995-09-30,2011-09-21,nhan vien,STFF0090@decaminds.vn,STFF018734972
XBzK+gqVY6Pcs/kmek6raimsNR8MPjhT,Nn2AKiAjgwTkgwnNdpRKB49vWuHBQ7SBWEpxm+UXZw8SyT5cKw==,o6JXYZPgAlBqnGOTu0KzQ61D,0912154276,Ninh Thuan,1982-01-17,2018-01-25,pho phong,STFF0091@decaminds.vn,STFF015429968
XBzK+gqVY6CwYV72tgAfLIoYM2RRNXAY,PHObO2UMzSKjpwKCQddhqFFbb0FgW7JdAsVFOx4=,o7Z/DPg7hKSfFXgoT1uO5gslUw==,0912082204,Vinh Long,1988-07-20,2011-11-23,nhan vien,STFF0092@decaminds.vn,STFF008232344
XBzK+gqVY6EqLzxG8jpzERSLzrKaM7fe,Nn2AKiAjgwL2mUq5SZBKB49vVOaxGDjc0UG2rgybIIXnaCFB,o7Z/DPg7hKSfFXgoT1uO5gslUw==,0912201323,Ninh Thuan,1998-09-19,2020-10-06,truong phong,STFF0093@decaminds.vn,STFF020136057
XBzK+gqVY6ZpxBFXLp13oc1wP5LrI+CO,Nn2AKiAjgwL2mUq5SZBKB49vVOaxGDjc0UG2rgybIIXnaCFB,o7Z/DPg7hKSfFXgoT1uO5gslUw==,0912164286,Yen Bai,1989-06-17,2015-08-02,nhan vien,STFF0094@decaminds.vn,STFF016432676
XBzK+gqVY6fzinPnaqcbnFPjwkQgJSdI,Nn2AKiAjgwL2mUq5SZBKB49vVOaxGDjc0UG2rgybIIXnaCFB,o7Z/DPg7hKSfFXgoT1uO5gslUw==,0912170292,Gia Lai,1990-03-28,2017-04-19,nhan vien,STFF0095@decaminds.vn,STFF017032960
XBzK+gqVY6SfWNQ3pumv2vBXxD99Lm8D,MHvVBy0kgxrrmQWDR9VvT7FoVehlXjeol+CVqA816+lS13oc,o6JXYZPgAlBqnGOTu0KzQ61D,0912074196,Phu Yen,1990-12-27,2011-02-07,nhan vien cap cao,STFF0096@decaminds.vn,STFF007433234
XBzK+gqVY6UFFraH4tPD527EOem2KKjF,NH/VBzAszWrIhQ+ZFnkIuPUS6ADqX1xNzez47w==,o7Z/DPg7hKSfFXgoT1uO5gslUw==,0912138260,Yen Bai,1992-09-04,2020-09-11,nhan vien,STFF0097@decaminds.vn,STFF013833851
XBzK+gqVY6oYjo4UH6emu0OgJn+fDsGj,LHKcNjBt8j/igg3NbJRJy/CQmPjygIsg4sYlni1KkQ==,o7Z/DPg7hKSfFXgoT1uO5gslUw==,0912044166,Gia Lai,1995-08-28,2017-01-23,nhan vien,STFF0098@decaminds.vn,STFF004434939
XBzK+gqVY6uCwOykW53Kht0z26lUCAZl,LGiUPWUOwiWjoAODSJnZokHCl3WLYaOLFYREuzM=,o7Z/DPg7hKSfFXgoT1uO5gslUw==,0912182304,Dak Nong,1996-11-20,2017-04-19,truong phong,STFF0099@decaminds.vn,STFF018235389
XBzK+gqUaqL5Ou3Ju0SIrkb6Y1wwB8Dl,LGiUPWUA2mrPhQSFOTWxtqyetmcTdObHNv/X7w==,o6JXYZPgAlBqnGOTu0KzQ61D,0912218340,Tay Ninh,1991-03-24,2014-11-19,truong phong,STFF0100@decaminds.vn,STFF021833321
XBzK+gqUaqNjdI95/37kk9hpnor7AQcj,Om+ccxUl1iXti0qhSZtM71uq/TBMuJzIzl7Zct8I8g==,o6JXYZPgAlBqnGOTu0KzQ61D,0912180302,Binh Dinh,1992-03-25,2013-01-20,pho phong,STFF0101@decaminds.vn,STFF018033688
XBzK+gqUaqAPpiipMzBQ1XvdmPGmCk9o,NHvVBy0kgx72lQ+ZALlNSazNaRdGzKRt7aPeTk/QtuHP,o6JXYZPgAlBqnGOTu0KzQ61D,0912149271,Bac Kan,1997-05-06,2011-11-15,truong phong,STFF0102@decaminds.vn,STFF014935556
XBzK+gqUaqGV6EoZdwo86OVOZSdtDIiu,LGiUPWUA2mrPhQSFOTWxtqyetmcTdObHNv/X7w==,o6JXYZPgAlBqnGOTu0KzQ61D,0912053175,Tay Ninh,1989-03-28,2023-12-18,nhan vien,STFF0103@decaminds.vn,STFF005332595
XBzK+gqUaqbWA2cIq604WDy1lAccHN/+,Nn2AKiAjgx7rhUqmSZBRB4hoWuE5DS7gtcxmu3opmRmup2tW,o6JXYZPgAlBqnGOTu0KzQ61D,0912132254,Dak Nong,1985-08-06,2017-04-04,nhan vien,STFF0104@decaminds.vn,STFF013231265
XBzK+gqUaqdMTQW475dUZaImadHXGhg4,NH/VFzAugwbsj7bHBiO/EGOA83BgXjhh9IA=,o7Z/DPg7hKSfFXgoT1uO5gslUw==,0912089211,Kien Giang,1988-07-29,2010-10-16,pho phong,STFF0105@decaminds.vn,STFF008932353
XBzK+gqUaqQgn6JoI9ngIwGSb6qKEVBz,LnXVFzA0gwbsj6QK081rkrKrSV+SYi62SiI=,o7Z/DPg7hKSfFXgoT1uO5gslUw==,0912202324,An Giang,1983-12-22,2017-06-17,nhan vien,STFF0106@decaminds.vn,STFF020230672
XBzK+gqUaqW60cDYZ+OMHp8BknxBF5e1,KHKccw041mrPgwSKv1GvTDs84V6ZgrlYExQ/hA==,o7Z/DPg7hKSfFXgoT1uO5gslUw==,0912078200,Tay Ninh,1992-09-17,2023-06-02,nhan vien,STFF0107@decaminds.vn,STFF007833864
XBzK+gqUaqqnSfhLmpfpQrJljepoMf7T,NHuYcw0iwiTkzCaCTpIFA0bBVGQpU4N3QL481O2q,o7Z/DPg7hKSfFXgoT1uO5gslUw==,0912035157,Binh Phuoc,1988-04-22,2020-01-11,nhan vien,STFF0108@decaminds.vn,STFF003532255
XBzK+gqUaqs9B5r73q2Ffyz2cDyjNzkV,KHKccw041mrPgwSKv1GvTDs84V6ZgrlYExQ/hA==,o7Z/DPg7hKSfFXgoT1uO5gslUw==,0912025147,Soc Trang,1995-02-02,2020-10-18,nhan vien,STFF0109@decaminds.vn,STFF002534732
XBzK+gqUa6JpWF2NgSi1MNUHtZc2wAYq,KHKccw041mrPgwSKv1GvTDs84V6ZgrlYExQ/hA==,o7Z/DPg7hKSfFXgoT1uO5gslUw==,0912084206,Bac Lieu,1987-11-04,2010-05-03,nhan vien,STFF0110@decaminds.vn,STFF008432085
XBzK+gqUa6PzFj89xRLZDUuUSEH9xsHs,Nn2AKiAjgwL2mUqlT5RKQORLVOHOYId/HyXCEKpUAHCfDdFyeA==,o7Z/DPg7hKSfFXgoT1uO5gslUw==,0912068190,Quang Ninh,1991-10-30,2010-08-28,nhan vien,STFF0111@decaminds.vn,STFF006833541
XBzK+gqUa6CfxJjtCVxtS+ggTjqgzYmn,NHuYcw0iwiTkzCaCTpIFA0bBVGQpU4N3QL481O2q,o7Z/DPg7hKSfFXgoT1uO5gslUw==,0912122244,Quang Binh,1984-01-28,2016-08-18,nhan vien,STFF0112@decaminds.vn,STFF012230709
XBzK+gqUa6EFivpdTWYBdnazs+xry05h,KHKccw041mrPgwSKv1GvTDs84V6ZgrlYExQ/hA==,o7Z/DPg7hKSfFXgoT1uO5gslUw==,0912083205,Lai Chau,1997-04-08,2013-10-16,nhan vien,STFF0113@decaminds.vn,STFF008335528
XBzK+gqUa6ZGYddMkcEFxq9IQswa2xkx,LGiUPWUF1j+joB+MTicfN6SVgxKsVpaRRPIe5Pw=,o7Z/DPg7hKSfFXgoT1uO5gslUw==,0912012134,Ha Noi,1991-08-10,2010-08-28,pho phong,STFF0114@decaminds.vn,STFF001233460
XBzK+gqUa6fcL7X81ftp+zHbvxrR3d73,LGiUPWUF1j+joB+MTicfN6SVgxKsVpaRRPIe5Pw=,o7Z/DPg7hKSfFXgoT1uO5gslUw==,0912003125,Son La,1985-11-29,2016-08-15,nhan vien,STFF0115@decaminds.vn,STFF000331380
XBzK+gqUa6Sw/RIsGbXdvZJvuWGM1pa8,Nn2AKiAjgxL2jQTNbIBFSUbpp9cfJO8AnsVsF1TfZVI=,o7Z/DPg7hKSfFXgoT1uO5gslUw==,0912123245,Cao Bang,1994-10-12,2012-01-01,nhan vien,STFF0116@decaminds.vn,STFF012334619
XBzK+gqUa6Uqs3CcXY+xgAz8RLdH0FF6,Nn2AKiAjgxL2jQTNbIBFSUbpp9cfJO8AnsVsF1TfZVI=,o7Z/DPg7hKSfFXgoT1uO5gslUw==,0912103225,Ha Nam,1986-04-26,2010-11-04,pho phong,STFF0117@decaminds.vn,STFF010331528
XBzK+gqUa6o3K0gPoPvU3CGYWyFu9jgc,LGiAPCsqgwnsgg3NbIBHNrYAY59Xd2loNn36w0VsSQ==,o7Z/DPg7hKSfFXgoT1uO5gslUw==,0912111233,Phu Tho,1980-05-11,2012-12-24,nhan vien,STFF0118@decaminds.vn,STFF011129352
XBzK+gqUa6utZSq/5MG44b8Lpvel8P/a,LGiAPCsqgwnsgg3NbIBHNrYAY59Xd2loNn36w0VsSQ==,o7Z/DPg7hKSfFXgoT1uO5gslUw==,0912127249,Quang Binh,1994-07-10,2010-03-02,nhan vien,STFF0119@decaminds.vn,STFF012734525
XBzK+gqUaKIb/41Bz5zzk2EBzso9iE16,Nn2AKiAjgx7rhUqhVYxBSYgNjq1pMJ5hyaeQ+yPxsw4=,o6JXYZPgAlBqnGOTu0KzQ61D,0912066188,Ca Mau,1989-08-05,2018-06-04,nhan vien cap cao,STFF0120@decaminds.vn,STFF006632725
XBzK+gqUaKOBse/xi6afrv+SMxz2joq8,M3OYcxUl1iXti0qhWf7dm3Bix2fh/Dr4/59I8eg=,o6JXYZPgAlBqnGOTu0KzQ61D,0912165287,Quang Ngai,1983-02-06,2020-07-28,truong phong,STFF0121@decaminds.vn,STFF016530353
XBzK+gqUaKDtY0ghR+gr6FwmNWerhcL3,NH/VHSI42i/tzCGFQZtMB4h+2ZrwuAFfbPnWZ/Oh1034Lg==,o6JXYZPgAlBqnGOTu0KzQ61D,0912223345,Binh Thuan,1984-07-07,2011-10-04,giam doc,STFF0122@decaminds.vn,STFF022330870
XBzK+gqUaKF3LSqRA9JH1cK1yLFggwUx,MHXVFywozWrOjQSFBxepuMqEhnIzuhLGsOKO0A==,o7Z/DPg7hKSfFXgoT1uO5gslUw==,0912020142,Can Tho,1990-08-25,2010-09-08,nhan vien,STFF0123@decaminds.vn,STFF002033110
XBzK+gqUaKY0xgeA33VDZRtOOZERk1Jh,NH/VHiwjy2rHmQnNbZRKT6kKrMeDF3i4wbiCR3BYyOU=,o7Z/DPg7hKSfFXgoT1uO5gslUw==,0912212334,Tien Giang,1993-10-30,2014-11-03,truong phong,STFF0124@decaminds.vn,STFF021234272
XBzK+gqUaKeuiGUwm08vWIXdxEfalZWn,MHXVFywozWrOjQSFBxepuMqEhnIzuhLGsOKO0A==,o7Z/DPg7hKSfFXgoT1uO5gslUw==,0912105227,Nghe An,1999-05-26,2018-03-17,pho phong,STFF0125@decaminds.vn,STFF010536306
XBzK+gqUaKTCWsLgVwGbHiZpwjyHnt3s,Nn2AKiAjgx7xgwSKALhNSaziJlnLQ7CJyqk4agDRgPMg,o7Z/DPg7hKSfFXgoT1uO5gslUw==,0912245367,Vinh Long,1990-08-18,2015-07-05,nhan vien,STFF0126@decaminds.vn,STFF024533103
XBzK+gqUaKVYFKBQEzv3I7j6P+pMmBoq,Nn2AKiAjgx7rjQSFALhNSaw05M2AgKcMIHFAXTbHCBD/,o7Z/DPg7hKSfFXgoT1uO5gslUw==,0912056178,Ninh Thuan,1994-10-14,2022-07-09,nhan vien,STFF0127@decaminds.vn,STFF005634621
XBzK+gqUaKpFjJjD7k+Sf5WeIHxlvnNM,Nn2AKiAjgx7rjQSFALhNSaw05M2AgKcMIHFAXTbHCBD/,o7Z/DPg7hKSfFXgoT1uO5gslUw==,0912238360,Hung Yen,1987-07-09,2022-09-03,nhan vien,STFF0128@decaminds.vn,STFF023831967
XBzK+gqUaKvfwvpzqnX+QgsN3aquuLSK,O3Kccwslwj6joR+Ep7LQtWP9hGN05MDOgv+M8Q==,o6JXYZPgAlBqnGOTu0KzQ61D,0912024146,Dong Thap,1984-09-22,2014-04-21,giam doc,STFF0129@decaminds.vn,STFF002430947
XBzK+gqUaaKLnT0F9fDODfL8GAE7T4u1,MG+MPS1t9yLig0qgVZpN9yKaQcvFSKWLU/5diU48pA==,o6JXYZPgAlBqnGOTu0KzQ61D,0912197319,Hai Phong,1982-08-10,2017-04-19,pho giam doc,STFF0130@decaminds.vn,STFF019730173
XBzK+gqUaaMR01+1scqiMGxv5dfwSUxz,Om+ccxElxmrOle5voOe6exVoJdMjbuhtR5k=,o7Z/DPg7hKSfFXgoT1uO5gslUw==,0912156278,Quang Ngai,1999-08-19,2017-04-19,truong phong,STFF0131@decaminds.vn,STFF015636391
XBzK+gqUaaB9AfhlfYQWds/b46ytQgQ4,KHKUPmUZ0SujoRNaXnSxZoP9RQUYUEnYbQzy,o6JXYZPgAlBqnGOTu0KzQ61D,0912231353,Dien Bien,1999-09-05,2017-04-15,nhan vien,STFF0132@decaminds.vn,STFF023136408
XBzK+gqUaaHnT5rVOb56S1FIHnpmRMP+,KHKUPWUZyyOjoA/NbpS+aqWlUv+bTxIeaEDoN3DD,o6JXYZPgAlBqnGOTu0KzQ61D,0912101223,Phu Yen,1996-05-22,2011-07-09,nhan vien,STFF0133@decaminds.vn,STFF010135207
XBzK+gqUaaakpLfE5Rl++4iz71oXVJSu,PHXVBy0kgwTigV6d7fV6nn3AZUj5rb9zA8Q=,o6JXYZPgAlBqnGOTu0KzQ61D,0912030152,Hai Phong,1985-01-10,2023-07-31,pho phong,STFF0134@decaminds.vn,STFF003031057
XBzK+gqUaac+6tV0oSMSxhYgEozcUlNo,PHubNGUdyz/sgg3NbpRJsK8zWrFwnkI2us2GYO+2iw==,o7Z/DPg7hKSfFXgoT1uO5gslUw==,0912189311,Lai Chau,1983-08-08,2019-05-01,nhan vien,STFF0135@decaminds.vn,STFF018930536
XBzK+gqUaaRSOHKkbW2mgLWUFPeBWRsj,PHXVBy0kgwTigV6d7fV6nn3AZUj5rb9zA8Q=,o6JXYZPgAlBqnGOTu0KzQ61D,0912095217,Dien Bien,1981-12-17,2022-01-24,nhan vien cap cao,STFF0136@decaminds.vn,STFF009529937
XBzK+gqUaaXIdhAUKVfKvSsH6SFKX9zl,NnWbNGUZyyOjuB+URYEEaaNmVRGbiBMm1bAu7+MCfZPbP3Y=,o6JXYZPgAlBqnGOTu0KzQ61D,0912117239,Vinh Phuc,1983-12-31,2018-05-14,pho phong,STFF0137@decaminds.vn,STFF011730681
XBzK+gqUaarV7iiH1COv4QZj9rdjebWD,Om+ccxElymrNiwWMThgRKP3Uqhr2c6jIJGiRnso=,o6JXYZPgAlBqnGOTu0KzQ61D,0912162284,Binh Duong,1988-07-04,2018-10-07,nhan vien cap cao,STFF0138@decaminds.vn,STFF016232328
XBzK+gqUaatPoEo3kBnD3JjwC2Gof3JF,PHXVBy0kgwLsgg3NbpJLRKI7ll8uuaHSVCo+h4RysbQ=,o6JXYZPgAlBqnGOTu0KzQ61D,0912091213,Hung Yen,1989-09-04,2021-12-24,pho phong,STFF0139@decaminds.vn,STFF009132755
XBzK+gqUbqL+sCzZUvR+1AkNOHArGNva,KHKUPmUZ0SvtzC6YWdVqQLF+XuGaUYLjqhaxgsP/oyF3GkQ2,o7Z/DPg7hKSfFXgoT1uO5gslUw==,0912098220,Ha Tinh,1999-11-07,2023-01-18,pho phong,STFF0140@decaminds.vn,STFF009836471
XBzK+gqUbqNk/k5pFs4S6ZeexabgHhwc,KHKUPmUZ0SvtzC6YWdVqQLF+XuGaUYLjqhaxgsP/oyF3GkQ2,o7Z/DPg7hKSfFXgoT1uO5gslUw==,0912018140,Binh Dinh,1995-12-17,2015-12-18,nhan vien,STFF0141@decaminds.vn,STFF001835050
XBzK+gqUbqAILOm52oCmrzQqw929FVRX,MG+MPS1t9zj2gg3NbpJRXqFpft+w9aTgDvJHHGYFqtWd+w==,o7Z/DPg7hKSfFXgoT1uO5gslUw==,0912198320,Ninh Binh,1988-02-13,2016-10-11,nhan vien,STFF0142@decaminds.vn,STFF019832186
XBzK+gqUbqGSYosJnrrKkqq5Pgt2E5OR,KHKUPmUBzCTkzCSFQYHtXqxJ5rXbl/e1MY1xunqa,o7Z/DPg7hKSfFXgoT1uO5gslUw==,0912039161,Vinh Phuc,1985-02-05,2021-02-21,nhan vien,STFF0143@decaminds.vn,STFF003931083
XBzK+gqUbqbRiaYYQh3OInNCzysHA8TB,KHKUPmUBzCTkzCSFQYHtXqxJ5rXbl/e1MY1xunqa,o7Z/DPg7hKSfFXgoT1uO5gslUw==,0912250372,Tuyen Quang,1988-05-16,2011-07-04,pho phong,STFF0144@decaminds.vn,STFF025032279
XBzK+gqUbqdLx8SoBieiH+3RMv3MBQMH,NH/VBy0kgwnigUqjSJx1zdbWzxZToYmUVI9DVDXi,o6JXYZPgAlBqnGOTu0KzQ61D,0912081203,Nam Dinh,1980-09-01,2010-11-24,truong phong,STFF0145@decaminds.vn,STFF008129465
XBzK+gqUbqQnFWN4ymkWWU5lNIaRDktM,NH/VBy0kgwnigUqjSJx1zdbWzxZToYmUVI9DVDXi,o6JXYZPgAlBqnGOTu0KzQ61D,0912011133,Tien Giang,1980-05-16,2013-07-29,pho phong,STFF0146@decaminds.vn,STFF001129357
XBzK+gqUbqW9WwHIjlN6ZND2yVBaCIyK,Nn2AKiAjgwTkgwnNeZBKB4pvUqGYdMnxJFj7CoimI7VkQtg=,o6JXYZPgAlBqnGOTu0KzQ61D,0912244366,Dak Nong,1980-05-05,2020-03-17,pho phong,STFF0147@decaminds.vn,STFF024429346
XBzK+gqVYqdj6MOjUMsmAsAeFI8m4uGH,PHXVHSI42i/tzCKYWWQCeuCwSpWlQ9OSY/S3C2Q=,o7Z/DPg7hKSfFXgoT1uO5gslUw==,0912249371,Kien Giang,2000-10-26,2023-12-25,thuc tap,STFF0085@decaminds.vn,STFF024936825
XBzK+gqUbqs6jVvrNx1zBWMBKxC4KCIq,NnWbNGUZyyOjpwOIVdVrRqpvhEDWJU6sOgL6kd6Z1pZKeA==,o6JXYZPgAlBqnGOTu0KzQ61D,0912010132,Kien Giang,1992-08-10,2014-02-05,giam doc,STFF0149@decaminds.vn,STFF001033826
XBzK+gqUb6Ju0pydaJhDSprw7rst3x0V,LHubNGUDxCLqiRrNcJ1FU7wED+XyzyCc1tRFRQJ3smo=,o7Z/DPg7hKSfFXgoT1uO5gslUw==,0912124246,Ninh Binh,1998-06-30,2012-01-03,pho phong,STFF0150@decaminds.vn,STFF012435976
XBzK+gqUb6P0nP4tLKIvdwRjE23m2drT,Nn2AKiAjgw7qggLNaJpFSaMna+fAeZbo3cxhQMF/LPFYnCCE3A==,o7Z/DPg7hKSfFXgoT1uO5gslUw==,0912032154,Quang Tri,1995-11-16,2012-07-15,nhan vien,STFF0151@decaminds.vn,STFF003235019
XBzK+gqUb6CYTln94OybMafXFRa70pKY,Nn2AKiAjgw7qggLNaJpFSaMna+fAeZbo3cxhQMF/LPFYnCCE3A==,o7Z/DPg7hKSfFXgoT1uO5gslUw==,0912104226,Da Nang,1996-11-04,2011-09-24,pho phong,STFF0152@decaminds.vn,STFF010435373
XBzK+gqUb6ECADtNpNb3DDlE6MBw1FVe,Nn2AKiAjgwLsjQSKAKVMUsWEuDhkBHY6XohneJv0p/8=,o7Z/DPg7hKSfFXgoT1uO5gslUw==,0912152274,Kien Giang,1994-09-18,2019-09-28,nhan vien,STFF0153@decaminds.vn,STFF015234595
XBzK+gqUb6ZB6xZceHHzvOC/GeABxAIO,Nn2AKiAjgwL2mUq9SIBH3NdyLN8AsAAhDduYVKJyGA==,o7Z/DPg7hKSfFXgoT1uO5gslUw==,0912100222,Son La,1990-02-25,2010-08-28,nhan vien,STFF0154@decaminds.vn,STFF010032929
XBzK+gqUb6fbpXTsPEufgX4s5DbKwsXI,Nn2AKiAjgwfiggLNcJ1RRHAFHXLRY3s36p5sCH/xnCw=,o7Z/DPg7hKSfFXgoT1uO5gslUw==,0912080202,Son La,1995-01-04,2018-02-21,nhan vien,STFF0155@decaminds.vn,STFF008034703
XBzK+gqUb6S3d9M88AUrx92Y4k2XyY2D,NH/VFywo1mrThB+DR4CCme4DltuXopSS2J/GQWg=,o6JXYZPgAlBqnGOTu0KzQ61D,0912114236,Ha Giang,1987-01-14,2017-09-02,nhan vien,STFF0156@decaminds.vn,STFF011431791
XBzK+gqUb6UtObGMtD9H+kMLH5tcz0pF,NH/VFywo1mrThB+DR4CCme4DltuXopSS2J/GQWg=,o6JXYZPgAlBqnGOTu0KzQ61D,0912153275,Quang Ngai,1991-06-29,2013-06-28,pho phong,STFF0157@decaminds.vn,STFF015333418
XBzK+gqUb6owoYkfSUsipm5vAA116SMj,Nn2AKiAjgwTkgwnNdJ1FSawna+fcFzCMXfcHla3O2VnOQ/sHm3YS1w==,o6JXYZPgAlBqnGOTu0KzQ61D,0912107229,Binh Thuan,1991-12-08,2017-04-04,nhan vien,STFF0158@decaminds.vn,STFF010733580
XBzK+gqUb6uq7+uvDXFOm/D8/du+7+Tl,LGiAPCsqgwLsgg3NcJ1RSKpg5OnoMC6njv9cytul0g/UGQ==,o6JXYZPgAlBqnGOTu0KzQ61D,0912092214,Hung Yen,1999-01-24,2019-02-04,nhan vien,STFF0159@decaminds.vn,STFF009236184
XBzK+gqUbKIcdUxRJiwF6S72leYml1ZF,M3OQJmUZyyOjvAKYT5tDzE6IuCaj2WBY3sGy0AoeAA==,o6JXYZPgAlBqnGOTu0KzQ61D,0912220342,Quang Ngai,1992-12-16,2010-11-02,nhan vien,STFF0160@decaminds.vn,STFF022033954
XBzK+gqUbKOGOy7hYhZp1LBlaDDtkZGD,KHKUPWUZyyOjuAKYAKVMUqtpXAQxhbRHtDYCzAex6OlpB3M=,o6JXYZPgAlBqnGOTu0KzQ61D,0912008130,Da Nang,1983-02-07,2012-04-18,nhan vien,STFF0161@decaminds.vn,STFF000830354
XBzK+gqUbKDq6YkxrljdkhPRbkuwmtnI,KHKUPmUF1j+joQODSNV1UqVp1HgbdDAFaAFYfjsg/sWrQQ==,o7Z/DPg7hKSfFXgoT1uO5gslUw==,0912062184,Thanh pho Ho Chi Minh,1994-01-25,2014-10-07,nhan vien,STFF0162@decaminds.vn,STFF006234359
XBzK+gqUbKFwp+uB6mKxr41Ck517nB4O,NHuYcwQjy2rSmQuDMsi5LGx1dEFag9glLrPydg==,o7Z/DPg7hKSfFXgoT1uO5gslUw==,0912060182,Phu Yen,1995-09-15,2016-07-02,nhan vien,STFF0163@decaminds.vn,STFF006034957
XBzK+gqUbKYzTMaQNsW1H1S5Yr0KjEle,PHubNGUDxCXgzDuYQZtDxQ/IjQwkvFlVNtX7fQtk+g==,o7Z/DPg7hKSfFXgoT1uO5gslUw==,0912096218,Binh Phuoc,1980-01-23,2010-08-28,truong phong,STFF0164@decaminds.vn,STFF009629243
XBzK+gqUbKepAqQgcv/ZIsoqn2vBio6Y,KHKUPmUZyyOjuBiYQ9V1Ur1iVUXpHUs9aIz6Jwm3QmoJW+8=,o6JXYZPgAlBqnGOTu0KzQ61D,0912071193,Bac Ninh,1981-07-20,2018-06-22,truong phong,STFF0165@decaminds.vn,STFF007129787
XBzK+gqUbKTF0APwvrFtZGmemRCcgcbT,Om+ccxElymrXhQ+YAKRRXqFp9dKaZp5+A8oVsfsW9weTzQ==,o6JXYZPgAlBqnGOTu0KzQ61D,0912130252,Phu Tho,1984-02-17,2021-06-28,nhan vien,STFF0166@decaminds.vn,STFF013030729
XBzK+gqUbKVfnmFA+osBWfcNZMZXhwEV,Nn2AKiAjgx7rhUq4VNV1Ur1iVZPHTfn2lC22eQcD8dXhmSM=,o6JXYZPgAlBqnGOTu0KzQ61D,0912142264,Thai Binh,1985-03-08,2018-05-14,nhan vien,STFF0167@decaminds.vn,STFF014231114
XBzK+gqUbKpCBlnTB/9kBdppe1B+oWhz,Lm/VBy0szGrSmRODSBIJDLohKhFo9F8cmHwn5MQ=,o6JXYZPgAlBqnGOTu0KzQ61D,0912137259,Ben Tre,1997-11-21,2022-10-10,nhan vien,STFF0168@decaminds.vn,STFF013735755
XBzK+gqUbKvYSDtjQ8UIOET6hoa1p6+1,Nn2AKiAjgx7rhUqjSIAEdLFoVegMXHbIERQLXYM6fQNhAZVB,o6JXYZPgAlBqnGOTu0KzQ61D,0912158280,Thanh pho Ho Chi Minh,1982-09-24,2017-04-19,nhan vien,STFF0169@decaminds.vn,STFF015830218
XBzK+gqUbaKMF/wVHEA4d70LQy0gUJCK,Nn2AKiAjgx7rhUqjSIAEdLFoVegMXHbIERQLXYM6fQNhAZVB,o6JXYZPgAlBqnGOTu0KzQ61D,0912052174,Khanh Hoa,1998-12-25,2016-10-30,nhan vien cap cao,STFF0170@decaminds.vn,STFF005236154
XBzK+gqUbaMWWZ6lWHpUSiOYvvvrVldM,NH/VEislgx7ilSKulEq2jUq7G6ne632/8U4=,o7Z/DPg7hKSfFXgoT1uO5gslUw==,0912057179,Dong Thap,1988-07-04,2019-07-30,truong phong,STFF0171@decaminds.vn,STFF005732328
XBzK+gqUbaB6izl1lDTgDIAsuIC2XR8H,KHKUPmUZyyOjuAKYAKFMRqkQ61Y5sMjiOAMGrayH11Zm,o6JXYZPgAlBqnGOTu0KzQ61D,0912139261,Ba Ria - Vung Tau,1989-02-05,2017-09-02,pho phong,STFF0172@decaminds.vn,STFF013932544
XBzK+gqUbaHgxVvF0A6MMR6/RVZ9W9jB,NHuYcw0iwiTkzD6FQZtDz85JpMdF24GAep3pjWOHIg==,o7Z/DPg7hKSfFXgoT1uO5gslUw==,0912159281,Thanh pho Ho Chi Minh,1993-11-17,2022-08-25,nhan vien,STFF0173@decaminds.vn,STFF015934290
XBzK+gqUbaajLnbUDKmIgcdEtHYMS4+R,LGiUPWUc1iXgzD6FQZtDZEhRjS46Qj9W7Z0NES0fMA==,o7Z/DPg7hKSfFXgoT1uO5gslUw==,0912214336,Phu Tho,1996-11-30,2014-10-19,nhan vien,STFF0174@decaminds.vn,STFF021435399
XBzK+gqUbac5YBRkSJPkvFnXSaDHTUhX,KHKUPWUJ1imjuAKMTpKOEXhDaS/1U/yt4CS9g60+,o7Z/DPg7hKSfFXgoT1uO5gslUw==,0912175297,Lam Dong,1990-03-15,2021-06-26,pho phong,STFF0175@decaminds.vn,STFF017532947
XBzK+gqUbaRVsrO0hN1Q+vpjT9uaRgAc,KHKUPWUJ1imjuAKMTpKOEXhDaS/1U/yt4CS9g60+,o7Z/DPg7hKSfFXgoT1uO5gslUw==,0912176298,Lao Cai,1994-12-10,2012-06-15,nhan vien,STFF0176@decaminds.vn,STFF017634678
XBzK+gqUbaXP/NEEwOc8x2Twsg1RQMfa,Lm/VHiwjy2rXhAuDSBEagpGMHdJV2ZsQ/tbb/oU=,o7Z/DPg7hKSfFXgoT1uO5gslUw==,0912174296,Ben Tre,1997-01-05,2017-04-19,nhan vien,STFF0177@decaminds.vn,STFF017435435
XBzK+gqUbarSZOmXPZNZm0mUrZt4Zq68,PHXVBy0kgxrrmQWDR9VwT6VpUz83g85UX4yuC1eGb76Zep0=,o6JXYZPgAlBqnGOTu0KzQ61D,0912038160,Da Nang,1990-09-30,2010-05-18,nhan vien cap cao,STFF0178@decaminds.vn,STFF003833146
XBzK+gqUbatIKosneak1ptcHUE2zYGl6,LGiUPWUZyyOjuAKMTp3BOPwtVdfJ8ZqbKUlZNK5g,o6JXYZPgAlBqnGOTu0KzQ61D,0912236358,Binh Thuan,1997-02-13,2018-10-20,giam doc,STFF0179@decaminds.vn,STFF023635474
XBzK+gqUYqL2L2/oaCVkWtkU1QQGOfab,LHKUPmUFzCTkzD6FQZr1hsXOiACbQCIpTrMdwgdy,o6JXYZPgAlBqnGOTu0KzQ61D,0912014136,Ben Tre,1989-05-19,2014-06-03,pho phong,STFF0180@decaminds.vn,STFF001432647
XBzK+gqUYqNsYQ1YLB8IZ0eHKNLNPzFd,Om+ccxElymrXhAuDSNVwT6Vokwg2JieOI8/98NEYXQgsMQ==,o6JXYZPgAlBqnGOTu0KzQ61D,0912023145,Yen Bai,1998-05-23,2013-12-22,nhan vien,STFF0181@decaminds.vn,STFF002335938
XBzK+gqUYqAAs6qI4FG8IeQzLqmQNHkW,KHKUPmUZyyOjuAKMTp0Ec6xmVLX9XN4FeF0gYqfh3aUVGs4=,o6JXYZPgAlBqnGOTu0KzQ61D,0912213335,Cao Bang,1994-01-16,2017-05-10,nhan vien,STFF0182@decaminds.vn,STFF021334350
XBzK+gqUYqGa/cg4pGvQHHqg039bMr7Q,LHXVHSI42i/tzD6FQZtMB5BvXmLfcQrRzy2WXGTq6gkHVdI=,o7Z/DPg7hKSfFXgoT1uO5gslUw==,0912021143,Kon Tum,1997-10-24,2019-03-05,nhan vien,STFF0183@decaminds.vn,STFF002135727
XBzK+gqUYqbZFuUpeMzUrKNbIl8qIumA,LHXVHSI42i/tzD6FQZtMB5BvXmLfcQrRzy2WXGTq6gkHVdI=,o7Z/DPg7hKSfFXgoT1uO5gslUw==,0912215337,Ca Mau,1983-07-20,2011-10-05,nhan vien,STFF0184@decaminds.vn,STFF021530517
XBzK+gqUYqdDWIeZPPa4kT3I34nhJC5G,LHXVHSI42i/tzD6FQZtMB5BvXmLfcQrRzy2WXGTq6gkHVdI=,o7Z/DPg7hKSfFXgoT1uO5gslUw==,0912144266,Tra Vinh,1995-01-14,2014-09-11,nhan vien,STFF0185@decaminds.vn,STFF014434713
XBzK+gqUYqQviiBJ8LgM15582fK8L2YN,NHuYcwg0gx7rhRpK7pOE+yqCv1uru18dpII=,o6JXYZPgAlBqnGOTu0KzQ61D,0912173295,Tien Giang,2000-02-17,2017-04-19,truong phong,STFF0186@decaminds.vn,STFF017336573
XBzK+gqUYqW1xEL5tIJg6gDvJCR3KaHL,NHuccxQ4wiSjuAKERZsjl1dhkfztkJyQrzXDS5Oi,o7Z/DPg7hKSfFXgoT1uO5gslUw==,0912147269,Kien Giang,1980-01-15,2010-08-16,chu tich tap doan,STFF0187@decaminds.vn,STFF014733448
XBzK+gqUYqqoXHpqSfYFti2LO7JeD8it,MHWUPSJt9SvtzD6FSZBKFCqFDxWfTCA8b7SnWQwNQA==,o7Z/DPg7hKSfFXgoT1uO5gslUw==,0912151273,Son La,1991-05-31,2016-10-26,nhan vien,STFF0188@decaminds.vn,STFF015133389
XBzK+gqUYqsyEhjaDcxpi7MYxmSVCQ9r,LGiUPWUAyiTrzD6FSZtMNid3NbNjVgTWKRW3qKMx3w==,o7Z/DPg7hKSfFXgoT1uO5gslUw==,0912228350,Binh Duong,1983-02-04,2023-10-03,truong phong,STFF0189@decaminds.vn,STFF022830351
XBzK+gqUY6JmTd+sUklZxErpA88A/jBU,M3vVCiAjgx7rmfSxqZlic5y7wesTuw2KSmI=,o6JXYZPgAlBqnGOTu0KzQ61D,0912028150,Bac Lieu,1992-04-05,2014-04-05,giam doc,STFF0190@decaminds.vn,STFF002833699
XBzK+gqUY6P8A70cFnM1+dR6/hnL+PeS,O3KUJmUZyz/izD6FVZR3JWlGNEqPsyfGWLqF4buG,o6JXYZPgAlBqnGOTu0KzQ61D,0912168290,Dak Nong,1990-07-03,2023-04-04,nhan vien,STFF0191@decaminds.vn,STFF016833057
XBzK+gqUY6CQ0RrM2j2Bv3fO+GKW87/Z,Nn2AKiAjgw72lUq5SIBFSQFBLarT55UDy7pdviGYHl4=,o7Z/DPg7hKSfFXgoT1uO5gslUw==,0912087209,Quang Tri,1988-05-14,2023-08-22,nhan vien,STFF0192@decaminds.vn,STFF008732277
XBzK+gqUY6EKn3h8ngftguldBbRd9Xgf,LHvVBzckgx7rmQl+K+X2IUlYD13RZiQhGdRb,o7Z/DPg7hKSfFXgoT1uO5gslUw==,0912034156,Da Nang,1981-04-30,2019-02-06,pho phong,STFF0193@decaminds.vn,STFF003429706
XBzK+gqUY6ZJdFVtQqDpMjCm9JQs5S9P,Nn2acxElymrXhAuDSNVwT7F+XDDeWKIlJqwabF+0pr9tTA==,o6JXYZPgAlBqnGOTu0KzQ61D,0912061183,Ha Giang,1989-12-11,2015-01-27,nhan vien,STFF0194@decaminds.vn,STFF006132853
XBzK+gqUY6fTOjfdBpqFD641CULn4+iJ,Nn2AKiAjgx7rhUqjR5pHB5BvQqBkVxrL4taUDoqR6nZ+a9E=,o6JXYZPgAlBqnGOTu0KzQ61D,0912161283,Tay Ninh,1999-06-30,2023-01-25,nhan vien,STFF0195@decaminds.vn,STFF016136341
XBzK+gqUY6S/6JANytQxSQ2BDzm66KDC,Nn2AKiAjgx7rhUquQZgEc61iVXwdfjMHft/73xB+Rv9CIkc=,o6JXYZPgAlBqnGOTu0KzQ61D,0912097219,Tuyen Quang,1991-08-14,2019-07-03,nhan vien,STFF0196@decaminds.vn,STFF009733464
XBzK+gqUY6UlpvK9ju5ddJMS8u9x7mcE,MHWUPSJt9yLqzCmMTdVwTqFpSoTdVZeClcf+9aV7a3zvZg==,o6JXYZPgAlBqnGOTu0KzQ61D,0912157279,Ca Mau,1985-04-19,2014-01-10,truong phong,STFF0197@decaminds.vn,STFF015731156
XBzK+gqUY6o4Psouc5o4KL527XlYyA5i,MHWUPSJt9yLqzCmMTdVwTqFpSoTdVZeClcf+9aV7a3zvZg==,o6JXYZPgAlBqnGOTu0KzQ61D,0912229351,Kon Tum,1993-08-11,2011-02-01,pho phong,STFF0198@decaminds.vn,STFF022934192
XBzK+gqUY6uicKieN6BUFSDlEK+Tzsmk,Nn2AKiAjgx7rhUquQZgEc61iVXwdfjMHft/73xB+Rv9CIkc=,o6JXYZPgAlBqnGOTu0KzQ61D,0912075197,Kon Tum,1994-05-27,2020-02-22,nhan vien,STFF0199@decaminds.vn,STFF007534481
XBzK+gqXaqKY6iGHDwIrGkCBPld4TJCm,Lnubcwcsgx7qgiioxY9WJeXBNkM97bdoW+s=,o7Z/DPg7hKSfFXgoT1uO5gslUw==,0912186308,Nam Dinh,1986-06-23,2013-04-30,nhan vien,STFF0200@decaminds.vn,STFF018631586
XBzK+gqXaqMCpEM3SzhHJ94Sw4GzSldg,KHKUPmUdyz+juAWMTs5iPY9p0YSXGxYbFPbQB+s=,o7Z/DPg7hKSfFXgoT1uO5gslUw==,0912150272,Ba Ria - Vung Tau,1983-04-18,2017-04-19,nhan vien,STFF0201@decaminds.vn,STFF015030424
XBzK+gqXaqBuduTnh3bzYX2mxfruQR8r,PG+aPSJt7ivthEq5T5RKTVL6CuX5lz6tubx1boRkEg==,o7Z/DPg7hKSfFXgoT1uO5gslUw==,0912005127,Yen Bai,1998-06-27,2011-09-26,nhan vien,STFF0202@decaminds.vn,STFF000535973
XBzK+gqXaqH0OIZXw0yfXOM1OCwlR9jt,Om+ccxElymrNiwWOAKFWRqomk9ccuZr0Go2HW06L83ig,o6JXYZPgAlBqnGOTu0KzQ61D,0912125247,Khanh Hoa,1983-08-13,2014-05-06,nhan vien,STFF0203@decaminds.vn,STFF012530541
XBzK+gqXaqa306tGH+ub7DrOyQxUV4+9,KHKAPSJt7iPthEq5UpRKQFi+J7WeU9zfyqj5k3PxyXg=,o6JXYZPgAlBqnGOTu0KzQ61D,0912200322,Thanh Hoa,1998-11-24,2017-04-19,truong phong,STFF0204@decaminds.vn,STFF020036123
XBzK+gqXaqctncn2W9H30aRdNNqfUUh7,KHKUPWUZyyOjuguDAKFWRqpgmYNtxTrrlY1OLk4y+OyrkQ==,o6JXYZPgAlBqnGOTu0KzQ61D,0912145267,Quang Ninh,1988-06-05,2017-04-30,nhan vien,STFF0205@decaminds.vn,STFF014532299
XBzK+gqXaqRBT24ml59DlwfpMqHCWgAw,MG+MPS1t7y+jvAKYT5tDB5B1WuHO4Ooah88ZzbQS5HupqrE7wA==,o6JXYZPgAlBqnGOTu0KzQ61D,0912016138,Son La,1994-10-30,2020-05-30,pho phong,STFF0206@decaminds.vn,STFF001634637
XBzK+gqXaqXbAQyW06Uvqpl6z3cJXMf2,LnXVBy0kgwL2lQ+DAKFWRqpg7hIt8H4uzW8hi3dXrEIFLA==,o6JXYZPgAlBqnGOTu0KzQ61D,0912063185,Hai Duong,1992-12-04,2010-08-28,pho phong,STFF0207@decaminds.vn,STFF006333942
XBzK+gqXaqrGmTQFLtFK9rQe0OEgeq6Q,NH/VBy0kgwHqgUq5UpRKQJOrjAA7BmWNMsH7s+svKm4=,o6JXYZPgAlBqnGOTu0KzQ61D,0912079201,Hai Duong,1986-01-08,2022-02-28,nhan vien,STFF0208@decaminds.vn,STFF007931420
XBzK+gqXaqtc11a1ausmyyqNLTfrfGlW,KHKUPWUZyyOjuguDAKFWRqpgmYNtxTrrlY1OLk4y+OyrkQ==,o6JXYZPgAlBqnGOTu0KzQ61D,0912007129,Kon Tum,1986-05-14,2018-09-28,nhan vien,STFF0209@decaminds.vn,STFF000731546
XBzK+gqXa6IIiJHDNW4WhNN86Jx+i1Zp,Lm/VHiwjy2rXnguDR+3lhke0smIlWq8/+OI/9kw=,o6JXYZPgAlBqnGOTu0KzQ61D,0912022144,Hai Phong,1981-11-14,2015-08-14,nhan vien,STFF0210@decaminds.vn,STFF002229904
XBzK+gqXa6OSxvNzcVR6uU3vFUq1jZGv,MG+MPS1t7y+jvAKYT5tDB5B1WuHO4Ooah88ZzbQS5HupqrE7wA==,o6JXYZPgAlBqnGOTu0KzQ61D,0912199321,Binh Dinh,2000-08-11,2017-04-19,pho giam doc,STFF0211@decaminds.vn,STFF019936749
XBzK+gqXa6D+FFSjvRrO/+5bEzHohtnk,LnXVBy0kgwL2lQ+DAKFWRqpg7hIt8H4uzW8hi3dXrEIFLA==,o6JXYZPgAlBqnGOTu0KzQ61D,0912046168,Bac Kan,1989-05-09,2019-05-01,pho giam doc,STFF0212@decaminds.vn,STFF004632637
XBzK+gqXa6FkWjYT+SCiwnDI7ucjgB4i,Lm/VHiwjy2rXnguDR+3lhke0smIlWq8/+OI/9kw=,o6JXYZPgAlBqnGOTu0KzQ61D,0912190312,Dien Bien,1982-03-18,2017-04-19,nhan vien,STFF0213@decaminds.vn,STFF019030028
XBzK+gqXa6YnsRsCJYemcqkzH8dSkEly,MG+MPS1t7y+jvAKYT5tDB5B1WuHO4Ooah88ZzbQS5HupqrE7wA==,o6JXYZPgAlBqnGOTu0KzQ61D,0912204326,Ninh Thuan,2000-12-02,2023-12-25,thuc tap,STFF0214@decaminds.vn,STFF020430652
XBzK+gqXa6e9/3myYb3KTzeg4hGZlo60,Nn2AKiAjgwbigUqvVYAEc7F+XvuJLCyKIua47F9znr+LTvIB4C+kqhS+,o6JXYZPgAlBqnGOTu0KzQ61D,0912185307,Thanh Hoa,1983-11-15,2010-06-30,pho phong,STFF0215@decaminds.vn,STFF018530635
XBzK+gqVbaKsp7gvcH2m5EDdiCvnll9L,Lm/VBy0kgwLsjQNUfzb5xUhvZ2XnAvrIbYo4,o6JXYZPgAlBqnGOTu0KzQ61D,0912205327,Lai Chau,2000-12-14,2023-12-25,thuc tap,STFF0070@decaminds.vn,STFF020536874
XBzK+gqXb6IPAlDT3N7g/pyLs7BllE1W,PHObO2UBxmrIhQfNeIBdQqrByCygHRT7Aj4WPclMgSOG,o6JXYZPgAlBqnGOTu0KzQ61D,0912129251,Hau Giang,2004-01-25,2023-12-25,thuc tap,STFF0250@decaminds.vn,STFF012929245
XBzK+gqXa6pW+4RBFL13aCfjBiomvWhf,LnXVFyQkgwTrjR7NdIdRSaNxD2ydaSVnTUhv6m+QR2G5,o7Z/DPg7hKSfFXgoT1uO5gslUw==,0912179301,Ben Tre,1988-07-27,2021-12-26,nhan vien,STFF0218@decaminds.vn,STFF017932351
XBzK+gqXa6vMtebxUIcbVblw+/ztu6+Z,MG+UcxMkgx7xmQSKzNf3/RigVLi30nCZhlNR/Q==,o7Z/DPg7hKSfFXgoT1uO5gslUw==,0912055177,Bac Ninh,1993-04-28,2017-04-01,pho phong,STFF0219@decaminds.vn,STFF005534087
XBzK+gqXaKJ6L0EPe9pQJ2d6k8F1wx05,PHubNGUbzGrBjQXNdIdRSaPPjs9aVwxSIZLLPVkhO+ww,o7Z/DPg7hKSfFXgoT1uO5gslUw==,0912233355,Phu Tho,1993-06-13,2018-07-25,nhan vien,STFF0220@decaminds.vn,STFF023334133
XBzK+gqXaKPgYSO/P+A8Gvnpbhe+xdr/,PHubNGUbzGrBjQXNdIdRSaPPjs9aVwxSIZLLPVkhO+ww,o7Z/DPg7hKSfFXgoT1uO5gslUw==,0912058180,Lai Chau,1987-11-17,2010-08-28,nhan vien,STFF0221@decaminds.vn,STFF005832098
XBzK+gqXaKCMs4Rv866IXFpdaGzjzpK0,Nn2AKiAjgw7qggLNYZtMB5ByD6NeQGiHrpk+jl03YYLsRg==,o7Z/DPg7hKSfFXgoT1uO5gslUw==,0912146268,Son La,2000-08-29,2019-06-24,nhan vien,STFF0222@decaminds.vn,STFF014636767
XBzK+gqXaKEW/ebft5TkYcTOlbooyFVy,MG+MPS1t9yvtzD6YN3Lg/0HITE61gF+HD6g5Uw==,o7Z/DPg7hKSfFXgoT1uO5gslUw==,0912119241,Quang Ninh,1998-10-03,2020-04-22,nhan vien,STFF0223@decaminds.vn,STFF011936071
XBzK+gqXaKZVFsvOazPg0R01ZJpZ2AIi,PHXVBzcszS2juB+MTqPVa0fZxH9YCyPVuWbVZFY=,o7Z/DPg7hKSfFXgoT1uO5gslUw==,0912178300,Dong Thap,1984-02-13,2019-01-01,pho chu tich,STFF0224@decaminds.vn,STFF017830725
XBzK+gqXaKfPWKl+LwmM7IOmmUyS3sXk,PHXVBzcszS2juB+MTqPVa0fZxH9YCyPVuWbVZFY=,o7Z/DPg7hKSfFXgoT1uO5gslUw==,0912041163,Bac Ninh,1982-06-15,2010-09-29,nhan vien,STFF0225@decaminds.vn,STFF004130117
XBzK+gqXaKSjig6u40c4qiASnzfP1Y2v,LGiUPWUZyyOjuB+URZvSyJs50DrdLlP0RUxeALLd,o6JXYZPgAlBqnGOTu0KzQ61D,0912163285,Quang Ngai,1985-03-30,2019-12-12,nhan vien,STFF0226@decaminds.vn,STFF016331136
XBzK+gqXaKU5xGwep31Ul76BYuEE00pp,MHvVBy0kgx7rjQSFAKFRXqFprIRfIfNGdOLXbiyOPL6fNA==,o6JXYZPgAlBqnGOTu0KzQ61D,0912241363,Da Nang,2000-04-30,2015-12-02,nhan vien,STFF0227@decaminds.vn,STFF024136646
XBzK+gqXaKokXFSNWgkxy5PlfXct9SMP,O3uacxElymrNiwWOAKFd2PpuydO7fxgfZNFSEiNr8Q==,o6JXYZPgAlBqnGOTu0KzQ61D,0912216338,Cao Bang,1999-05-14,2023-05-31,nhan vien,STFF0228@decaminds.vn,STFF021636294
XBzK+gqXaKu+EjY9HjNd9g12gKHm8+TJ,KHKAcxUl1iXti0q4WZBKLNONQ+McFU0bD9D4S2x0Rw==,o6JXYZPgAlBqnGOTu0KzQ61D,0912248370,Ha Noi,1997-01-25,2023-05-17,nhan vien,STFF0229@decaminds.vn,STFF024835455
XBzK+gqXaaLqTfFLQbZtufSHRQpzBNv2,KHKAcxUl1iXti0q4WZBKLNONQ+McFU0bD9D4S2x0Rw==,o6JXYZPgAlBqnGOTu0KzQ61D,0912242364,Long An,1992-03-11,2018-05-01,pho giam doc,STFF0230@decaminds.vn,STFF024233674
XBzK+gqXaaNwA5P7BYwBhGoUuNy4Ahww,PHWUPWUDxCXgzDqFVZpKQORSQurH4hqq2zIyZYW9gpSYjA7buQ==,o6JXYZPgAlBqnGOTu0KzQ61D,0912094216,Lao Cai,2004-04-01,2024-02-12,thuc tap,STFF0231@decaminds.vn,STFF009433695
XBzK+gqXaaAc0TQrycK1wsmgvqflCVR7,PHuacwsqzCmjoRPNdYxBScHCM8kw36vy9daFzor1mU8=,o6JXYZPgAlBqnGOTu0KzQ61D,0912064186,Dien Bien,1980-11-14,2014-12-09,nhan vien,STFF0232@decaminds.vn,STFF006429539
XBzK+gqXaaGGn1abjfjZ/1czQ3EuD5O9,LnXVBy0szSKjuguDQAMT2p1t3CJAXlkgW8Peow==,o7Z/DPg7hKSfFXgoT1uO5gslUw==,0912128250,Thanh pho Ho Chi Minh,1988-09-29,2016-03-19,nhan vien,STFF0233@decaminds.vn,STFF012832415
XBzK+gqXaaq0PuTJYGUMVQAYq7wrMuXA,Om+ccxElymrCggLNdpRKsolsbmCfb7KlBcd9U8UUCw==,o6JXYZPgAlBqnGOTu0KzQ61D,0912226348,Quang Ninh,2004-06-17,2024-02-12,thuc tap,STFF0238@decaminds.vn,STFF022630850
XBzK+gqXaadfOhk6FWWxchBbT4eUGQMr,MHWUPSJt9yLqzDyMTnapsu6Nn0sENYkCcaJSP3c=,o6JXYZPgAlBqnGOTu0KzQ61D,0912194316,Nghe An,1983-09-15,2023-11-14,nhan vien,STFF0235@decaminds.vn,STFF019430574
XBzK+gqXaaQz6L7q2SsFNLPvSfzJEktg,LGiUPWUZyyOjuAKYWdVyRqozPmlXzyko3jo8FMGEktdq,o6JXYZPgAlBqnGOTu0KzQ61D,0912217339,Bac Giang,1998-11-23,2019-10-26,nhan vien,STFF0236@decaminds.vn,STFF021736122
XBzK+gqXaaWpptxanRFpCS18tCoCFIym,LnXVBy0kgwHrjQSFAKNFSZBXDlMbiupxam1TbRy6lws=,o6JXYZPgAlBqnGOTu0KzQ61D,0912077199,Tuyen Quang,1994-07-04,2023-04-28,nhan vien,STFF0237@decaminds.vn,STFF007734519
XBzK+gqXaabFdHuKUV/dT47IslFfH8Tt,Om+ccxElymrCggLNdpRKsolsbmCfb7KlBcd9U8UUCw==,o6JXYZPgAlBqnGOTu0KzQ61D,0912120242,Kien Giang,2004-06-18,2024-02-12,thuc tap,STFF0234@decaminds.vn,STFF012032677
XBzK+gqXaasucIZ5JF9gaJ6LVmrgNCIG,MHWUPSJt9yLqzDyMTnapsu6Nn0sENYkCcaJSP3c=,o6JXYZPgAlBqnGOTu0KzQ61D,0912048170,Binh Thuan,1998-08-20,2019-12-24,giam doc,STFF0239@decaminds.vn,STFF004836027
XBzK+gqXbqKfYOCX5rLdYA92ZXtjU4uZ,MG+MPS1t9yLqzDyE0sOobo1FbEmkPIZmekfSIw==,o6JXYZPgAlBqnGOTu0KzQ61D,0912051173,Dak Nong,1999-04-13,2019-08-22,pho phong,STFF0240@decaminds.vn,STFF005136263
XBzK+gqXbqMFLoInooixXZHlmK2oVUxf,MG+MPS1t9yLqzDyE0sOobo1FbEmkPIZmekfSIw==,o6JXYZPgAlBqnGOTu0KzQ61D,0912033155,Quang Tri,1991-03-07,2014-12-23,nhan vien,STFF0241@decaminds.vn,STFF003333304
XBzK+gqXbqBp/CX3bsYFGzJRntb1XgQU,PG+aPSJt8j/igg3NdoA3kHwn+PWTIe3fddlgckr2,o7Z/DPg7hKSfFXgoT1uO5gslUw==,0912224346,Tra Vinh,1982-06-27,2020-01-31,pho phong,STFF0242@decaminds.vn,STFF022430129
XBzK+gqXbqHzskdHKvxpJqzCYwA+WMPS,O3KUJmUDxCXgzCSKVYxBSeRRTuXo5ZdW0eCxIlc+M6PZSK8=,o7Z/DPg7hKSfFXgoT1uO5gslUw==,0912047169,Bac Ninh,1981-09-14,2023-03-27,nhan vien,STFF0243@decaminds.vn,STFF004729843
XBzK+gqXbqawWWpW9lttlnU5kiBPSJSC,LGiUPWUZyyOjuh8fXlZKi6oGHEeQ+cTXBJ8a,o6JXYZPgAlBqnGOTu0KzQ61D,0912116238,Long An,1999-03-05,2013-12-26,truong phong,STFF0244@decaminds.vn,STFF011636224
XBzK+gqXbqcqFwjmsmEBq+uqb/aETlNE,LGiUPWUZyyOjuh8fXlZKi6oGHEeQ+cTXBJ8a,o6JXYZPgAlBqnGOTu0KzQ61D,0912192314,Quang Ngai,1994-01-09,2017-04-19,pho giam doc,STFF0245@decaminds.vn,STFF019234343
XBzK+gqXbqRGxa82fi+17UgeaY3ZRRsP,PHubNGUFzCvti0q7VZpKQKXqFdh3BgFSp80sYv2iykg=,o7Z/DPg7hKSfFXgoT1uO5gslUw==,0912017139,An Giang,2004-08-29,2024-02-12,thuc tap,STFF0246@decaminds.vn,STFF001733845
XBzK+gqXbqXci82GOhXZ0NaNlFsSQ9zJ,PHubNGUdyz/gzDyYT5tDyn11qEKUfiCq9Eys+gOBtg==,o7Z/DPg7hKSfFXgoT1uO5gslUw==,0912026148,Ba Ria - Vung Tau,1994-06-13,2013-09-25,nhan vien,STFF0247@decaminds.vn,STFF002634498
XBzK+gqXbqrBE/UVx2G8jPvpi807ZbWv,PHubNGUFzCvti0q7VZpKQKXqFdh3BgFSp80sYv2iykg=,o7Z/DPg7hKSfFXgoT1uO5gslUw==,0912102224,Hoa Binh,1992-12-19,2017-04-14,nhan vien,STFF0248@decaminds.vn,STFF010233957
XBzK+gqXbqtbXZelg1vQsWV6dhvwY3Jp,KHKUPWUDxCXgzD6YT5tDB5J+96EYTDoCTGx6Aq8y2Ee3Mw==,o6JXYZPgAlBqnGOTu0KzQ61D,0912076198,Kien Giang,2000-07-11,2022-06-19,pho chu tich,STFF0249@decaminds.vn,STFF007636718
XBzK+gqVaqG1WA4jGzeiexiYriGqykdv,LHvVHSI42i/tzD6YQZsEZqpvv5GJDcfsGgCuw9Y2235qDw==,o7Z/DPg7hKSfFXgoT1uO5gslUw==,0912118240,Lai Chau,2004-12-25,2024-02-12,thuc tap,STFF0003@decaminds.vn,STFF011831406
