Id,Name,Surname,Gender,PhoneNum,Region,Birthday,DateJoined,Salary,Username,Idnumber
NV001,Simon,Walsh,Male,Gk2uCkwd8diutxeeznA6k/7w0mjIQ02jYLo=,England,,2010,s/vVUDqdMfFMz/P5i1/VInAND3alfI0msg==,SimonNV001,YSBFUrD1tkbGms58E454ba+WJ/vcRErpA4M4hA==
NV002,Jasmine,Miller,Female,Gk2vCU0a8NuvuNt9PZsHIqm1u/a1gnmd0+c=,Northern Ireland,,2012,sfzfWTKDKPPN9CY7RPsl6/OEWEyYr+In,JasmineNV002,YiFCU7P0uUfPm819j5dcCiNfa0qtZbRjAOAJ+A==
NV003,Liam,Brown,Male,Gk2sCEob89qgud1tkiAUWcO+yy8tOLyGXI8=,England,,2015,s/rXXTibMfhKQ/PqrVfNnXIRCK5lRGCdEQ==,LiamNV003,YyZDULL7uE7OmMx6Z30NWMs0QHcmAhNkrjO2KQ==
NV004,Trevor,Parr,Male,Gk2tD0sY8tWhsFHLveWLWRoDp6uJC/zXxU8=,Wales,,2017,s/7UWSWYLXooAhtpCf71Samzu5tKZAI=,TrevorNV004,ZCdAUb36sU/Nmct7Is/Gf/Djpe281vLLxQ5wPQ==
NV005,Deirdre,Pullman,Female,Gk2qDkgZ/dSosQgHPPwprIgNzavjxVbm10o=,England,,2020,sf/QWzKDKPlPgBTdt6Eni9JFqbNrc8Q6,DeirdreNV005,ZSRBXrzzsEzMnsp4uESwp0XSxXw3Yeii1yL5Lw==
NV006,Ava,Coleman,Female,Gk2rDUkW/N2psvuW3xcZCfRw7YmWBabt7a4=,Wales,,2013,s/jUXD+eMfdObf9m5ftPchvCOg77fgu09A==,AvaNV006,ZiVOX7Xys03Ln8l5WtHx3SROjOZ9CGexQyn8eA==
NV007,Dorothy,Thomson,Female,Gk2oDEYX9dyqs8eWcKEeWaYyIVgPe1Z/2+I=,England,,2018,tvjeXzKDJ/QhWslOWDgOol4Qceh/MtI+,DorothyNV007,ZypPVrTxskrKnMh2k4uEfTllaB3kBFctjQefhA==
NV008,Lisa,Knox,Female,Gk2pA0ce9N+rtHGkLvUDjCtiahis2uvz4wk=,Scotland,,2011,sfzQUDuDLvewXm9qR38csrSxONrXxElD,LisaNV008,aCtGV7fwtUvJncd3SB29r0J9S5UVRy3iG+Z0pw==
NV009,Ruth,Campbell,Female,Gk2mAk4f996stboZPm50LVRLxB9U6Zxj2i8=,Wales,,2014,tf7UUD+DLPWrN0aMn/IbLlbET7gTgQBP,RuthNV009,aSJHVLb3tEjIksZ+Ko2+Cld9gN+0cuT4E8ULYg==
NV010,Dominic,Parr,Male,Gk2nC08c9tmttmJzMNRW4wiSxOd/B1aDUs8=,England,,2016,s/rfWTmDK/WA0SG8pnGo3lxNWjk5ezYs,DominicNV010,YCNEVbH2t0nHk89/vW2C0AdKEm98yBjxiDjZog==
NV011,Dominic,Lewis,Male,Gk2uCU0a8NuvuPGXcNb3qnl1V/Jclgfuq/U=,England,,2019,sfPQXjyDJ/ORT4HskbjpDxk4+3vz7Kk1,DominicNV011,YSBFUrD1tkbGms58E454ba+WJ/vcRErpA4M4hA==
NV012,Benjamin,Grant,Male,Gk2vCEob89qguaJTRfYFwLL//yIWBD4T1Lk=,England,,2021,sfjUUDqDKfIJhtSLM5zOe67p3ZFTUIeG,BenjaminNV012,YiFCU7P0uUfPm819j5dcCiNfa0qtZbRjAOAJ+A==
NV013,Ryan,MacDonald,Male,Gk2sD0sY8tWhsHsh8Kh70crDS69gH4KkvV0=,England,,2015,tvrRUDqDKfPQHhPimzTdjLh4+AtfQNnh,RyanNV013,YyZDULL7uE7OmMx6Z30NWMs0QHcmAhNkrjO2KQ==
NV014,Thomas,Lawrence,Male,Gk2tDkgZ/dSosdyQ3h36FrpPSbV8qC2+vzQ=,Scotland,,2017,tvLRUTqDK/ZOwtc1uAtjX31qDkF84g7K,ThomasNV014,ZCdAUb36sU/Nmct7Is/Gf/Djpe281vLLxQ5wPQ==
NV015,Madeleine,Marshall,Female,Gk2qDUkW/N2pstF8klrpgSSwAY1/Edielbw=,Wales,,2010,sPLSXiWdLDLwjH3etJ8LHrQkZ4vMMA4=,MadeleineNV015,ZSRBXrzzsEzMnsp4uESwp0XSxXw3Yeii1yL5Lw==
NV016,Nicholas,Newman,Male,Gk2rDEYX9dyqs7iop3cPwNdzFVU0R9TqU9Q=,England,,2012,sPvXXiWVKp0yUEUGmXJF6/zr4xkNRxs=,NicholasNV016,ZiVOX7Xys03Ln8l5WtHx3SROjOZ9CGexQyn8eA==
NV017,Grace,Hill,Female,Gk2oA0ce9N+rtFtOY7jzBPuihhxFzpWAmxs=,Scotland,,2018,s/rVXT2DLPH6Rul9FMBk2cmNkIQMvStN,GraceNV017,ZypPVrTxskrKnMh2k4uEfTllaB3kBFctjQefhA==
NV018,Samantha,Coleman,Female,Gk2pAk4f996stfvctuAj0eAOICaDJxSgcsA=,Scotland,,2013,sfLWWSWbJtjP+jdzUROJ32PtrJhYZvw=,SamanthaNV018,aCtGV7fwtUvJncd3SB29r0J9S5UVRy3iG+Z0pw==
NV019,William,Ince,Male,Gk2mC08c9tmttkiZfZmma9hSKOOWEyjwKt0=,England,,2016,tP/TWz+DKfn55n2fPcy2r9GUq8hl3Dhn,WilliamNV019,aSJHVLb3tEjIksZ+Ko2+Cld9gN+0cuT4E8ULYg==
NV020,Audrey,Jones,Female,Gk2nCkwd8diut6gm6VJOXag3Xktp9MBL2Dk=,England,,2020,s/vSXjmDKfTcOmmcO2CZF83vVpaNAO6U,AudreyNV020,YCNEVbH2t0nHk89/vW2C0AdKEm98yBjxiDjZog==
NV021,Boris,Johnston,Male,Gk2uCEob89qguYi5CLv1SGI/Eyb/EEBgrKs=,Wales,,2011,sfvRXzODJkVoNt1voRa7OqGtyOZz14M=,BorisNV021,YSBFUrD1tkbGms58E454ba+WJ/vcRErpA4M4hA==
NV022,Jason,Butler,Male,Gk2vD0sY8tWhsAQfJ35qSLuCf6JbIwAxNWs=,Scotland,,2019,sPvUXTmDJvdjIT8Q6yQF1qV7o7T66zJN,JasonNV022,YiFCU7P0uUfPm819j5dcCiNfa0qtZbRjAOAJ+A==
NV023,Deirdre,McDonald,Female,Gk2sDkgZ/dSosfZ6k1AKnmqPpbGVvFPNxyY=,Wales,,2015,tPzRUD6DKPi4fBQKB+rmPvkTj+GDsG8s,DeirdreNV023,YyZDULL7uE7OmMx6Z30NWMs0QHcmAhNkrjO2KQ==
NV024,Carl,Quinn,Male,Gk2tDUkW/N2psgXrcLs6OxbyhZPgfKPG/cI=,Scotland,,2021,tP/eWCWVLt27aaS4ltxv5JmjrPTfHRM=,CarlNV024,ZCdAUb36sU/Nmct7Is/Gf/Djpe281vLLxQ5wPQ==
NV025,Jennifer,Hughes,Female,Gk2qDEYX9dyqs5JC6jr/SAez+VHdU6qZK8Y=,England,,2014,sPrTWD6DLPJahsuBTDnBd0X7lgCxu6cD,JenniferNV025,ZSRBXrzzsEzMnsp4uESwp0XSxXw3Yeii1yL5Lw==
NV026,Richard,Fraser,Male,Gk2rA0ce9N+rtCRwtG7inYrjshF+8hcVEy0=,Scotland,,2017,tvnUXDKDLfYhxVLFWO92Y7laIVShIC8w,RichardNV026,ZiVOX7Xys03Ln8l5WtHx3SROjOZ9CGexQyn8eA==
NV027,Rachel,McGrath,Female,Gk2oAk4f996stdE2+63TWTDOzCJqM2rTCtI=,Northern Ireland,,2012,sfPQXyWfLvt5Iy9vGTpOyXuZVFdn9w==,RachelNV027,ZypPVrTxskrKnMh2k4uEfTllaB3kBFctjQefhA==
NV028,Alison,Fisher,Female,Gk2pC08c9tmttglc9Rfxl2wXzNpB3aAzgjI=,England,,2010,sf7UUCWYKUPKPmb3wndlGGjHOk3gKA0=,AlisonNV028,aCtGV7fwtUvJncd3SB29r0J9S5UVRy3iG+Z0pw==
NV029,Lucas,Mackenzie,Male,Gk2mCkwd8diut4LMpB++1Xj3sk+A4L44oCs=,Scotland,,2013,sPrTWT2DLpJd6fEYe/ioHnB7ahpBa94=,LucasNV029,aSJHVLb3tEjIksZ+Ko2+Cld9gN+0cuT4E8ULYg==
NV030,Luke,Wilkins,Male,Gk2nCU0a8NuvuE4vV/SDZC+y29H9IYoGE3Y=,England,,2016,s/reWTiDJ/O5JBCiI0223fTjcwURlwyn,LukeNV030,YCNEVbH2t0nHk89/vW2C0AdKEm98yBjxiDjZog==
NV031,Megan,Bell,Female,Gk2uD0sY8tWhsC71ajOawGtCk6ayN35CTXk=,England,,2018,sfLeUDKDKPauCCSiyuZK/cZFtYmJHGzh,MeganNV031,YSBFUrD1tkbGms58E454ba+WJ/vcRErpA4M4hA==
NV032,Warren,Edmunds,Male,Gk2vDkgZ/dSosYlERIYbBxvOkbyugNFYTxA=,Wales,,2011,s/7WUT+DL/EPmSw1vJJWBkqIk/+pQB4y,WarrenNV032,YiFCU7P0uUfPm819j5dcCiNfa0qtZbRjAOAJ+A==
NV033,Grace,Chapman,Female,Gk2sDUkW/N2psi8BPfbKs8YyaZcJaN21hdA=,Scotland,,2020,sP/eXj6DLaszCFYqBtQSRIthzoeOdnc=,GraceNV033,YyZDULL7uE7OmMx6Z30NWMs0QHcmAhNkrjO2KQ==
NV034,Jake,Wilson,Male,Gk2tDEYX9dyqs0bVCNss8jXxfU9CPtHBQ7g=,England,,2019,t/LVWyWbLYnYSiumZYWDUG42zBqfHLE=,JakeNV034,ZCdAUb36sU/Nmct7Is/Gf/Djpe281vLLxQ5wPQ==
NV035,Karen,Dyer,Female,Gk2qA0ce9N+rtA6a+SMSFVojXhWX5mlmaz8=,England,,2015,tf3eWDKDKvmzL5JAT+Ynof3svxfQr9gj,KarenNV035,ZSRBXrzzsEzMnsp4uESwp0XSxXw3Yeii1yL5Lw==
NV036,Yvonne,Thomson,Female,Gk2rAk4f996sta4ILHvCwEGP+C9RD+hGguQ=,England,,2017,sfvQUDuDKfdpu+RhyYsmDCozTxl2tepD,YvonneNV036,ZiVOX7Xys03Ln8l5WtHx3SROjOZ9CGexQyn8eA==
NV037,Sophie,Gill,Female,Gk2oC08c9tmttiO2uFoBH7zXIN6oyd5A+iA=,England,,2014,sPrTWD+DLPfdH7sfXGJkTh2CzkD4M2Q4,SophieNV037,ZypPVrTxskrKnMh2k4uEfTllaB3kBFctjQefhA==
NV038,Robert,Cornish,Male,Gk2pCkwd8diut8MJLJHpKcyyVnZXLjb7CMQ=,England,,2021,t/zeUCWeKe26XCvCV4dRCqpw+ypQWWY=,RobertNV038,aCtGV7fwtUvJncd3SB29r0J9S5UVRy3iG+Z0pw==
NV039,Luke,Martin,Male,Gk2mCU0a8NuvuGTFGrlz7P9yN9UUNfR1a2Q=,Scotland,,2012,s/jeXDODKvmGrLuSs4mzTGVunNwiW09X,LukeNV039,aSJHVLb3tEjIksZ+Ko2+Cld9gN+0cuT4E8ULYg==
NV040,Gavin,Pullman,Male,Gk2nCEob89qguTcBL5mBhjT4nwVep82IFCg=,Scotland,,2013,s/vSXD6bMfJKd69DJbJfXahz79Nfz2Aw7g==,GavinNV040,YCNEVbH2t0nHk89/vW2C0AdKEm98yBjxiDjZog==
NV041,Edward,Terry,Male,Gk2uDkgZ/dSosaOuCcvrj8sOfbhHlK8rNwI=,England,,2016,t/vSWTmDKUdrBQ7yn7VulfLHSN2YmWI=,EdwardNV041,YSBFUrD1tkbGms58E454ba+WJ/vcRErpA4M4hA==
NV042,Diane,Black,Female,Gk2vDUkW/N2pslA/6iDbKrdzXZoyVF8gDeY=,England,,2010,u/zfXSWa19oCf5/07KTDR1CN1SDz2A==,DianeNV042,YiFCU7P0uUfPm819j5dcCiNfa0qtZbRjAOAJ+A==
NV043,Jake,Morgan,Male,Gk2sDEYX9dyqs2w/RZbceuUxkUurKq+yO6o=,Scotland,,2018,s/vSWDmcMfJISBgTU34bDd3Ez9woweo3yw==,JakeNV043,YyZDULL7uE7OmMx6Z30NWMs0QHcmAhNkrjO2KQ==
NV044,Yvonne,Churchill,Female,Gk2tA0ce9N+rtNoNG8LBr2hh2gsIixI+A0E=,Northern Ireland,,2015,s/rRXzmVMfBOIy+LrDqsqTlO8CaRpIPfUw==,YvonneNV044,ZCdAUb36sU/Nmct7Is/Gf/Djpe281vLLxQ5wPQ==
NV045,Dorothy,Johnston,Female,Gk2qAk4f996stYTiYTYySJFPFCu4G5Y1+vY=,England,,2011,sPLfWyWcJhJfUu8Y65l0ADHP4VaHfI4=,DorothyNV045,ZSRBXrzzsEzMnsp4uESwp0XSxXw3Yeii1yL5Lw==
NV046,Lisa,Berry,Female,Gk2rC08c9tmttlyIb4wQhs2WFNOT9VzVchY=,Scotland,,2019,t/7TUDKDKfFGtg351ASzxsUBWBfJcbli,LisaNV046,ZiVOX7Xys03Ln8l5WtHx3SROjOZ9CGexQyn8eA==
NV047,Leah,Nolan,Female,Gk2oCkwd8diut+njYdwZoRxyunK+OkiIcNY=,Scotland,,2017,t/PTWDqDKfOVx6/EGMHw6+gvnqauEJOT,LeahNV047,ZypPVrTxskrKnMh2k4uEfTllaB3kBFctjQefhA==
NV048,Carolyn,Lewis,Female,Gk2pCU0a8NuvuCUAkjckEEs30+zD+3y2w4s=,Northern Ireland,,2020,s/7VWzyDJ/LKHymbuCTfTts4wYxZ+6Gm,CarolynNV048,aCtGV7fwtUvJncd3SB29r0J9S5UVRy3iG+Z0pw==
NV049,Simon,Ball,Male,Gk2mCEob89qguR3rYtRxDuQ4cwG3s7P7bDo=,England,,2014,sPnfWjqDJ/n78rJhnAON9pFOqF7VYx+Q,SimonNV049,aSJHVLb3tEjIksZ+Ko2+Cld9gN+0cuT4E8ULYg==
NV050,Charles,Nolan,Male,Gk2nD0sY8tWhsJFNTRHuDj2FH4UTgPOq9fo=,England,,2013,sfPWWz+DLvTK9Xl9IdWU7GoJvGMIskGB,CharlesNV050,YCNEVbH2t0nHk89/vW2C0AdKEm98yBjxiDjZog==
NV051,Sophie,Wilkins,Female,Gk2uDUkW/N2psnrVp20romezsZ7bQCFTdfQ=,England,,2012,s/7WWSWZLMU5yBqbFwPDAEHu5UwcPRQ=,SophieNV051,YSBFUrD1tkbGms58E454ba+WJ/vcRErpA4M4hA==
NV052,Kimberly,James,Female,Gk2vDEYX9dyqsxMBkkDN45RwpUaQFi0ns5w=,England,,2021,tvvQWj2DLfW6Bage/Ls3huwU52+mMlzt,KimberlyNV052,YiFCU7P0uUfPm819j5dcCiNfa0qtZbRjAOAJ+A==
NV053,Madeleine,Ellison,Female,Gk2sA0ce9N+rtPDnVo8xJ7ihNg/hn2xNe1M=,England,,2018,tv3TXTqDKPuYQN+IuixlHqHrSObHWT4=,MadeleineNV053,YyZDULL7uE7OmMx6Z30NWMs0QHcmAhNkrjO2KQ==
NV054,Irene,MacLeod,Female,Gk2tAk4f996stVB1g9fh8qMNkDUndu1tkog=,England,,2024,sP7XUDyDJvjMVT9owK3kNJKHpiJBJ96E,IreneNV054,ZCdAUb36sU/Nmct7Is/Gf/Djpe281vLLxQ5wPQ==
