sex,position
nam,nhan vien
nam,nhan vien
nu,nhan vien
nam,nhan vien
nu,nhan vien
nu,pho phong
nu,nhan vien
nu,nhan vien
nu,nhan vien
nu,nhan vien
nu,nhan vien cap cao
nu,nhan vien
nam,pho phong
nam,pho phong
nam,pho phong
nam,pho phong
nu,nhan vien
nu,truong phong
nam,pho phong
nam,nhan vien
nam,pho phong
nu,nhan vien
nu,pho phong
nu,nhan vien
nam,pho phong
nam,nhan vien
nam,pho phong
nam,nhan vien
nu,nhan vien
nam,pho phong
nam,giam doc
nam,pho phong
nam,nhan vien
nam,nhan vien
nam,truong phong
nu,nhan vien
nam,pho phong
nam,nhan vien
nam,nhan vien
nam,truong phong
nam,pho phong
nam,nhan vien cap cao
nam,nhan vien cap cao
nam,pho phong
nam,truong phong
nam,truong phong
nu,nhan vien
nu,nhan vien
nu,pho phong
nu,nhan vien
nam,nhan vien
nu,nhan vien
nu,nhan vien
nam,nhan vien
nam,pho phong
nu,nhan vien
nu,pho phong
nu,pho phong
nu,pho phong
nu,nhan vien
nu,nhan vien
nam,truong phong
nam,nhan vien
nam,nhan vien
nu,nhan vien
nam,nhan vien
nu,nhan vien
nu,nhan vien
nam,pho giam doc
nu,thuc tap
nu,pho giam doc
nam,nhan vien
nam,nhan vien
nu,pho phong
nu,thuc tap
nam,thuc tap
nu,nhan vien
nu,nhan vien
nu,nhan vien
nam,truong phong
nam,truong phong
nu,pho phong
nu,thuc tap
nam,nhan vien
nam,thuc tap
nam,pho phong
nu,nhan vien
nu,nhan vien
nam,nhan vien
nam,nhan vien
nu,pho phong
nam,nhan vien
nam,truong phong
nam,nhan vien
nam,nhan vien
nu,nhan vien cap cao
nam,nhan vien
nam,nhan vien
nam,truong phong
nu,truong phong
nu,pho phong
nu,truong phong
nu,nhan vien
nu,nhan vien
nam,pho phong
nam,nhan vien
nam,nhan vien
nam,nhan vien
nam,nhan vien
nam,nhan vien
nam,nhan vien
nam,nhan vien
nam,nhan vien
nam,pho phong
nam,nhan vien
nam,nhan vien
nam,pho phong
nam,nhan vien
nam,nhan vien
nu,nhan vien cap cao
nu,truong phong
nu,giam doc
nam,nhan vien
nam,truong phong
nam,pho phong
nam,nhan vien
nam,nhan vien
nam,nhan vien
nu,giam doc
nu,pho giam doc
nam,truong phong
nu,nhan vien
nu,nhan vien
nu,pho phong
nam,nhan vien
nu,nhan vien cap cao
nu,pho phong
nu,nhan vien cap cao
nu,pho phong
nam,pho phong
nam,nhan vien
nam,nhan vien
nam,nhan vien
nam,pho phong
nu,truong phong
nu,pho phong
nu,pho phong
nam,thuc tap
nu,giam doc
nam,pho phong
nam,nhan vien
nam,pho phong
nam,nhan vien
nam,nhan vien
nam,nhan vien
nu,nhan vien
nu,pho phong
nu,nhan vien
nu,nhan vien
nu,nhan vien
nu,nhan vien
nam,nhan vien
nam,nhan vien
nam,truong phong
nu,truong phong
nu,nhan vien
nu,nhan vien
nu,nhan vien
nu,nhan vien
nu,nhan vien cap cao
nam,truong phong
nu,pho phong
nam,nhan vien
nam,nhan vien
nam,pho phong
nam,nhan vien
nam,nhan vien
nu,nhan vien cap cao
nu,giam doc
nu,pho phong
nu,nhan vien
nu,nhan vien
nam,nhan vien
nam,nhan vien
nam,nhan vien
nu,truong phong
nam,chu tich tap doan
nam,nhan vien
nam,truong phong
nu,giam doc
nu,nhan vien
nam,nhan vien
nam,pho phong
nu,nhan vien
nu,nhan vien
nu,nhan vien
nu,truong phong
nu,pho phong
nu,nhan vien
nam,nhan vien
nam,nhan vien
nam,nhan vien
nu,nhan vien
nu,truong phong
nu,nhan vien
nu,pho phong
nu,pho phong
nu,nhan vien
nu,nhan vien
nu,nhan vien
nu,pho giam doc
nu,pho giam doc
nu,nhan vien
nu,thuc tap
nu,pho phong
nu,thuc tap
nu,thuc tap
nam,nhan vien
nam,pho phong
nam,nhan vien
nam,nhan vien
nam,nhan vien
nam,nhan vien
nam,pho chu tich
nam,nhan vien
nu,nhan vien
nu,nhan vien
nu,nhan vien
nu,nhan vien
nu,pho giam doc
nu,thuc tap
nu,nhan vien
nam,nhan vien
nu,thuc tap
nu,nhan vien
nu,nhan vien
nu,nhan vien
nu,thuc tap
nu,giam doc
nu,pho phong
nu,nhan vien
nam,pho phong
nam,nhan vien
nu,truong phong
nu,pho giam doc
nam,thuc tap
nam,nhan vien
nam,nhan vien
nu,pho chu tich
nam,thuc tap
